_id,PX,MAIN_STREET,MIDBLOCK_ROUTE,SIDE1_STREET,SIDE2_STREET,PRIVATE_ACCESS,ADDITIONAL_INFO,OBJECTID,GEO_ID,NODE_ID,MI_PRINX,geometry
1,5010,BATHURST ST,135m NORTH OF,COLLEGE ST,None,None,KING EDWARD PUBLIC SCHOOL,2544,9086483,,2544,"{""coordinates"": [[-79.40819999547631, 43.6577100019432]], ""type"": ""MultiPoint""}"
2,5012,BATHURST ST,None,SCADDING CRT,None,None,120m SOUTH OF DUNDAS ST W,2545,30061749,30061747,2545,"{""coordinates"": [[-79.4056040041994, 43.6512669957427]], ""type"": ""MultiPoint""}"
3,5014,ANGLESEY BLVD,None,HARTFIELD RD,None,None,HUMBER VALLEY CHURCH & SCHOOL,2546,9311720,13464700,2546,"{""coordinates"": [[-79.52851199795252, 43.66459700173547]], ""type"": ""MultiPoint""}"
4,5015,BAYVIEW AVE,None,PARKHURST BLVD,SOUDAN AVE,None,None,2547,493,13456739,2547,"{""coordinates"": [[-79.3763379938911, 43.708703999703154]], ""type"": ""MultiPoint""}"
5,5020,ANNETTE ST,None,DURIE ST,None,None,None,2548,7973898,13465420,2548,"{""coordinates"": [[-79.48257400128824, 43.65949400063825]], ""type"": ""MultiPoint""}"
6,5022,BLOOR ST W,None,PAULINE AVE,None,None,None,2549,1143991,13465325,2549,"{""coordinates"": [[-79.43760700578308, 43.659426003843265]], ""type"": ""MultiPoint""}"
7,5025,BROADVIEW AVE,None,TORRENS AVE,None,None,None,2550,10431226,13459803,2550,"{""coordinates"": [[-79.35516300377375, 43.690274001038205]], ""type"": ""MultiPoint""}"
8,5030,DANFORTH AVE,None,CAITHNESS AVE,None,None,None,2551,8066575,13461457,2551,"{""coordinates"": [[-79.33486100596515, 43.680948001135626]], ""type"": ""MultiPoint""}"
9,5040,DUNDAS ST E,None,ALTON AVE,None,None,None,2552,14022890,13463823,2552,"{""coordinates"": [[-79.32938299936899, 43.66728900132832]], ""type"": ""MultiPoint""}"
10,5041,DUNDAS ST E,None,BOND ST,None,None,None,2553,14021031,13465719,2553,"{""coordinates"": [[-79.37831699433877, 43.65626200053012]], ""type"": ""MultiPoint""}"
11,5045,DUNDAS ST E,None,GEORGE ST,None,None,None,2554,7649612,13465526,2554,"{""coordinates"": [[-79.37345799877177, 43.657302996987376]], ""type"": ""MultiPoint""}"
12,5048,ANNETTE ST,None,GILMOUR AVE,None,None,None,2555,1143899,13465238,2555,"{""coordinates"": [[-79.4776660021882, 43.660553001590095]], ""type"": ""MultiPoint""}"
13,5049,DUNDAS ST E,None,HIGHFIELD RD,None,None,None,2556,1142368,13463742,2556,"{""coordinates"": [[-79.32348099456865, 43.66773800068897]], ""type"": ""MultiPoint""}"
14,5050,DUNDAS ST W,25m NORTH OF,HUMBERSIDE AVE,None,None,None,2557,2215085,,2557,"{""coordinates"": [[-79.45673100610047, 43.663227999448495]], ""type"": ""MultiPoint""}"
15,5051,DUNDAS ST W,None,INDIAN ROAD CRES,None,None,None,2558,30105836,13464480,2558,"{""coordinates"": [[-79.46105199453943, 43.665175003806304]], ""type"": ""MultiPoint""}"
16,5054,DUNDAS ST E,None,MAUGHAN CRES,None,None,None,2559,2426341,30097145,2559,"{""coordinates"": [[-79.3137540006643, 43.669312003478616]], ""type"": ""MultiPoint""}"
17,5057,DUNDAS ST E,None,PEMBROKE ST,None,None,None,2560,7649768,13465390,2560,"{""coordinates"": [[-79.37238899477016, 43.65816999770986]], ""type"": ""MultiPoint""}"
18,5065,ANNETTE ST,None,INDIAN ROAD CRES,None,None,None,2561,14013995,13464684,2561,"{""coordinates"": [[-79.46115300247516, 43.66377000117933]], ""type"": ""MultiPoint""}"
19,5075,JANE ST,None,COLBECK ST,None,None,None,2562,7274546,13466476,2562,"{""coordinates"": [[-79.48597399550839, 43.65294700189398]], ""type"": ""MultiPoint""}"
20,5077,JANE ST,45m SOUTH OF,PAGE AVE,None,None,RUNNYMEDE COLLEGIATE,2563,9402,,2563,"{""coordinates"": [[-79.49036999891773, 43.66373299880212]], ""type"": ""MultiPoint""}"
21,5078,JANE ST,None,FOLKES ST,None,None,ST PIUS X CATHOLIC SCHOOL,2564,7950623,13466805,2564,"{""coordinates"": [[-79.4851350057372, 43.65090699892952]], ""type"": ""MultiPoint""}"
22,5079,KEELE ST,None,AVON DR,HOLWOOD AVE,None,None,2565,8140611,,2565,"{""coordinates"": [[-79.47430899916908, 43.688422004166135]], ""type"": ""MultiPoint""}"
23,5087,KINGSTON RD,None,LEE AVE,None,None,None,2566,1140430,13461875,2566,"{""coordinates"": [[-79.30118100134275, 43.67812600251433]], ""type"": ""MultiPoint""}"
24,5088,KINGSTON RD,None,MANDERLEY DR,None,None,None,2567,113111,13459819,2567,"{""coordinates"": [[-79.26921400083955, 43.68890300042132]], ""type"": ""MultiPoint""}"
25,5121,PAPE AVE,None,ALDWYCH AVE,None,None,None,2568,7570184,13460996,2568,"{""coordinates"": [[-79.34661100367518, 43.68358900077923]], ""type"": ""MultiPoint""}"
26,5123,PAPE AVE,None,TORRENS AVE,None,None,None,2569,3232728,13459590,2569,"{""coordinates"": [[-79.34955099965222, 43.69136699886244]], ""type"": ""MultiPoint""}"
27,5128,SCARLETT RD,None,BERNICE CRES,None,None,None,2570,30142869,13464273,2570,"{""coordinates"": [[-79.49955200219716, 43.66690499788459]], ""type"": ""MultiPoint""}"
28,5136,SOUTH KINGSWAY,None,ORMSKIRK AVE,None,None,None,2571,7632468,13468464,2571,"{""coordinates"": [[-79.4767509941904, 43.638829003231706]], ""type"": ""MultiPoint""}"
29,5137,ST CLAIR AVE E,45m WEST OF,CLIFTON RD,None,None,None,2572,1139238,,2572,"{""coordinates"": [[-79.38485999877734, 43.69003700364019]], ""type"": ""MultiPoint""}"
30,5145,MARLEE AVE,None,ELWAY CRT,None,None,None,2573,9246526,13456273,2573,"{""coordinates"": [[-79.4452080019291, 43.71244899887258]], ""type"": ""MultiPoint""}"
31,5146,THE DONWAY E,None,MALLOW RD,None,None,None,2574,442270,13451690,2574,"{""coordinates"": [[-79.3430540042655, 43.74080199955335]], ""type"": ""MultiPoint""}"
32,5147,ANNETTE ST,None,WILLARD AVE,None,None,None,2575,7979909,13465522,2575,"{""coordinates"": [[-79.48528600039228, 43.65886499867442]], ""type"": ""MultiPoint""}"
33,5148,ANSON AVE,None,NICOLAN RD,None,None,WALKWAY TO ANSON PARK P.S.,2576,111622,13453960,2576,"{""coordinates"": [[-79.24046699769879, 43.72495000313258]], ""type"": ""MultiPoint""}"
34,5150,THE EAST MALL,None,REDCAR AVE,None,None,SAINT ELIZABETH CATHOLIC SCHOOL,2577,912633,13468907,2577,"{""coordinates"": [[-79.55671399527088, 43.63545399576936]], ""type"": ""MultiPoint""}"
35,5152,ASHBOURNE DR,None,MATTICE AVE,None,None,None,2578,9531202,13467789,2578,"{""coordinates"": [[-79.54442200335745, 43.645293995519495]], ""type"": ""MultiPoint""}"
36,5154,WESTON RD,None,OXFORD DR,None,None,None,2579,10636492,13460565,2579,"{""coordinates"": [[-79.49202000483139, 43.687921997978506]], ""type"": ""MultiPoint""}"
37,5158,AUGUSTA AVE,120m NORTH OF,WOLSELEY ST,None,None,None,2580,30063382,,2580,"{""coordinates"": [[-79.40041399768337, 43.64998600135506]], ""type"": ""MultiPoint""}"
38,5160,BARRHEAD CRES,None,REDCLIFF BLVD,None,None,MISSISSAUGA PRIVATE SCHOOL,2581,9668797,13455386,2581,"{""coordinates"": [[-79.56694500124713, 43.719488999561875]], ""type"": ""MultiPoint""}"
39,5162,BAY MILLS BLVD,150m EAST OF,EAGLESTONE RD,None,None,#325 BAY MILLS BLVD,2582,106992,,2582,"{""coordinates"": [[-79.30173799592754, 43.78252500096235]], ""type"": ""MultiPoint""}"
40,5163,HUNTINGWOOD DR,None,DUNMURRAY BLVD,None,None,None,2583,30000650,30000649,2583,"{""coordinates"": [[-79.30662799488354, 43.78937900151103]], ""type"": ""MultiPoint""}"
41,5164,HUNTINGWOOD DR,None,HARFLEUR RD,None,None,None,2584,106073,13444507,2584,"{""coordinates"": [[-79.29938300023811, 43.79110999837762]], ""type"": ""MultiPoint""}"
42,5165,HUNTINGWOOD DR,None,KILKENNY DR,None,None,None,2585,30089904,13445511,2585,"{""coordinates"": [[-79.3173079943004, 43.783489004177405]], ""type"": ""MultiPoint""}"
43,5166,BAY MILLS BLVD,None,EAGLESTONE RD,None,None,HOLY SPIRIT CATHOLIC SCHOOL,2586,106992,13445636,2586,"{""coordinates"": [[-79.30354700219812, 43.78210799599855]], ""type"": ""MultiPoint""}"
44,5169,BRIDLETOWNE CRCL,None,ECHO POINT,None,None,BRIDLETOWNE PARK,2587,105163,13443536,2587,"{""coordinates"": [[-79.31381800574506, 43.799361997703464]], ""type"": ""MultiPoint""}"
45,5170,BEECHGROVE DR,35m NORTH OF,BETHLEY DR,None,None,None,2588,30059994,30059993,2588,"{""coordinates"": [[-79.15946600158709, 43.76953500039687]], ""type"": ""MultiPoint""}"
46,5172,BELLAMY RD S,25m NORTH OF,GRANARD BLVD,None,None,None,2589,110860,,2589,"{""coordinates"": [[-79.22716999996136, 43.73822999999266]], ""type"": ""MultiPoint""}"
47,5174,WARDEN AVE,85m NORTH,BELL ESTATE RD,None,None,None,2590,20237163,13456960,2590,"{""coordinates"": [[-79.27839400445275, 43.70577100238313]], ""type"": ""MultiPoint""}"
48,5175,WARDEN AVE,None,FREEMAN ST,None,None,None,2591,113042,13459430,2591,"{""coordinates"": [[-79.27230299465297, 43.69109499783833]], ""type"": ""MultiPoint""}"
49,5178,WESTON RD,None,CLOUSTON AVE,None,None,None,2592,7845,13459377,2592,"{""coordinates"": [[-79.5063789996491, 43.694710003300294]], ""type"": ""MultiPoint""}"
50,5180,WESTON RD,None,COULTER AVE,None,None,None,2593,14627961,13457738,2593,"{""coordinates"": [[-79.52832000574739, 43.7045450038782]], ""type"": ""MultiPoint""}"
51,5181,WESTON RD,None,DENNIS AVE,None,None,None,2594,20112929,20112930,2594,"{""coordinates"": [[-79.48544699694519, 43.68496800419238]], ""type"": ""MultiPoint""}"
52,5186,WOODBINE AVE,None,MILVERTON BLVD,None,None,None,2595,9445986,13459937,2595,"{""coordinates"": [[-79.31418300609097, 43.68889199901795]], ""type"": ""MultiPoint""}"
53,5187,WOODBINE AVE,None,PLAINS RD,None,None,None,2596,6620147,13458249,2596,"{""coordinates"": [[-79.31822900332288, 43.698218000025555]], ""type"": ""MultiPoint""}"
54,5192,BRIDLETOWNE CRCL,145m NORTH OF,TIMBERBANK BLVD,None,None,TIMOTHY EATON BUSISNESS & TECH SCHOOL,2597,30104745,,2597,"{""coordinates"": [[-79.3120590033282, 43.79364199814765]], ""type"": ""MultiPoint""}"
55,5193,EVANS AVE,None,CARNARVON AVE,None,None,None,2598,913499,13469816,2598,"{""coordinates"": [[-79.50374799677125, 43.620254003396035]], ""type"": ""MultiPoint""}"
56,5194,JOHN GARLAND BLVD,25M WEST OF,FOUR LEAF DR,None,None,ST DOROTHY CATHOLIC SCHOOL,2599,907312,13453634,2599,"{""coordinates"": [[-79.59106300010995, 43.73177199566273]], ""type"": ""MultiPoint""}"
57,5196,BENBOW RD,None,WINNIPEG RD,None,None,VALLEYFIELD JR SCHOOL,2600,908787,13459661,2600,"{""coordinates"": [[-79.53915699654685, 43.693623004448874]], ""type"": ""MultiPoint""}"
58,5197,BENNETT RD,70m SOUTH OF,DUNSTALL CRES,None,None,WILLIAM G MILLER JR PUBLIC SCHOOL,2601,108162,,2601,"{""coordinates"": [[-79.16475200152531, 43.76914499896372]], ""type"": ""MultiPoint""}"
59,5198,DUNDAS ST W,60m NORTH OF,GLENLAKE AVE,None,None,None,2602,30090627,,2602,"{""coordinates"": [[-79.45390600169263, 43.66038799764446]], ""type"": ""MultiPoint""}"
60,5200,DAWES RD,None,PARK VISTA,None,None,None,2603,30106007,,2603,"{""coordinates"": [[-79.29705100555246, 43.698310998206864]], ""type"": ""MultiPoint""}"
61,5201,BERNER TRL,None,GRIFFEN DR,CHEATHAM PL,None,None,2604,104970,13443347,2604,"{""coordinates"": [[-79.22433399571287, 43.79976799610488]], ""type"": ""MultiPoint""}"
62,5202,BERRY RD,None,BALLACAINE DR,None,None,None,2605,7846174,,2605,"{""coordinates"": [[-79.49556300397597, 43.635700996612165]], ""type"": ""MultiPoint""}"
63,5203,BERRY RD,None,CLOVERHILL RD,None,None,None,2606,7985486,13468682,2606,"{""coordinates"": [[-79.49071900541405, 43.636740995889305]], ""type"": ""MultiPoint""}"
64,5204,BEVERLEY ST,None,PHOEBE ST,None,None,None,2607,14676277,13466610,2607,"{""coordinates"": [[-79.39266000150765, 43.65088699571342]], ""type"": ""MultiPoint""}"
65,5206,BEVERLEY ST,None,GRANGE AVE,None,None,None,2608,2842441,13466303,2608,"{""coordinates"": [[-79.39343700254256, 43.6527640017857]], ""type"": ""MultiPoint""}"
66,5207,BICKNELL AVE,None,AVON DR,None,KEELESDALE JR PUBLIC SCHOOL,None,2609,8519,13460608,2609,"{""coordinates"": [[-79.47623299930488, 43.687526997890785]], ""type"": ""MultiPoint""}"
67,5208,BIMBROK RD,None,GADSBY DR,None,None,None,2610,110878,13451917,2610,"{""coordinates"": [[-79.25293599493297, 43.73798499631411]], ""type"": ""MultiPoint""}"
68,5210,BIRCHMOUNT RD,None,HOLLIS AVE,None,None,None,2611,112881,13458644,2611,"{""coordinates"": [[-79.26316300239208, 43.69504900130308]], ""type"": ""MultiPoint""}"
69,5214,BIRMINGHAM ST,None,TWENTY FIRST ST,None,None,HUMBER COLLEGE ARTS & MEDIA,2612,914478,13470482,2612,"{""coordinates"": [[-79.5212620033149, 43.599960004334896]], ""type"": ""MultiPoint""}"
70,5216,BOND ST,75m NORTH OF,SHUTER ST,None,None,ST. MICHAEL'S CHOIR SCHOOL,2613,1144656,,2613,"{""coordinates"": [[-79.37786600557082, 43.65522600406545]], ""type"": ""MultiPoint""}"
71,5217,BOULTBEE AVE,None,BLAKE ST,None,None,BLAKE ST JR PUBLIC SCHOOL,2614,1141613,13462967,2614,"{""coordinates"": [[-79.33818700464653, 43.67244999570671]], ""type"": ""MultiPoint""}"
72,5220,BRIDLETOWNE CRCL,None,COLLINGSBROOK BLVD,None,None,None,2615,6291826,13444399,2615,"{""coordinates"": [[-79.31618699850726, 43.79229999978694]], ""type"": ""MultiPoint""}"
73,5227,BRIMORTON DR,70m EAST OF,NEAPOLITAN DR,None,None,ST ANDREWS PUBLIC SCHOOL,2616,108579,,2616,"{""coordinates"": [[-79.25446000026156, 43.76613099924272]], ""type"": ""MultiPoint""}"
74,5228,BRIMORTON DR,125m EAST OF,AMBERJACK BLVD,None,None,BELLEMERE JR PUBLIC SCHOOL,2617,108018,,2617,"{""coordinates"": [[-79.23462100264503, 43.771438996096386]], ""type"": ""MultiPoint""}"
75,5229,BRIMORTON DR,None,GAITWIN PL,None,None,CHURCHILL HEIGHTS PUBLIC SCHOOL,2618,107715,13446593,2618,"{""coordinates"": [[-79.22342600505452, 43.773382998063745]], ""type"": ""MultiPoint""}"
76,5230,BRIMWOOD BLVD,None,AMANDA DR,None,None,OUR LADY OF GRACE CATHOLIC SCHOOL,2619,103854,13442278,2619,"{""coordinates"": [[-79.27568899462639, 43.81290900265527]], ""type"": ""MultiPoint""}"
77,5231,BRIMWOOD BLVD,None,DELBURN DR,None,None,BRIMWOOD BLVD JR P.S.,2620,103922,13442308,2620,"{""coordinates"": [[-79.27353199529213, 43.812415997987884]], ""type"": ""MultiPoint""}"
78,5232,BROADVIEW AVE,70m NORTH OF,ALLEN AVE,None,None,None,2621,14230700,,2621,"{""coordinates"": [[-79.3518460001361, 43.663657002769334]], ""type"": ""MultiPoint""}"
79,5233,BROADVIEW AVE,None,KINTYRE AVE,None,None,None,2622,1143632,13464967,2622,"{""coordinates"": [[-79.35051900364934, 43.6604740031632]], ""type"": ""MultiPoint""}"
80,5235,BROADVIEW AVE,None,WITHROW AVE,None,None,None,2623,1142063,13463447,2623,"{""coordinates"": [[-79.35321499579604, 43.669706000121195]], ""type"": ""MultiPoint""}"
81,5236,BROADVIEW AVE,None,WOLFREY AVE,None,None,None,2624,1141262,13462704,2624,"{""coordinates"": [[-79.35708000121414, 43.674264002364296]], ""type"": ""MultiPoint""}"
82,5237,BROADWAY AVE,None,BRENTCLIFFE RD,RYKERT CRES,None,None,2625,7684278,13455352,2625,"{""coordinates"": [[-79.36235099545945, 43.71696900145129]], ""type"": ""MultiPoint""}"
83,5238,BROCK AVE,None,DELANEY CRES,None,None,McCORMICK ARENA & PARK,2626,30102521,13467418,2626,"{""coordinates"": [[-79.4343649974933, 43.64662900265417]], ""type"": ""MultiPoint""}"
84,5239,BROOKMILL BLVD,65m WEST OF,LA PEER BLVD,None,None,BROOKMILL BLVD JR PUBLIC SCHOOL,2627,30021421,,2627,"{""coordinates"": [[-79.3145230021258, 43.801801997930156]], ""type"": ""MultiPoint""}"
85,5240,BURROWS HALL BLVD,None,PURVIS CRES,None,None,BURROWS HALL JR PUBLIC SCHOOL,2628,105714,13444065,2628,"{""coordinates"": [[-79.22899599755473, 43.79370700444387]], ""type"": ""MultiPoint""}"
86,5241,CACTUS AVE,None,MOORE PARK AVE,None,None,PLEASANT AVE PUBLIC SCHOOL,2629,7157468,13444806,2629,"{""coordinates"": [[-79.43350399505083, 43.79063599834918]], ""type"": ""MultiPoint""}"
87,5242,CALEDONIA RD,None,BOWIE AVE,None,None,None,2630,7922,13459219,2630,"{""coordinates"": [[-79.4628100034636, 43.69494199953512]], ""type"": ""MultiPoint""}"
88,5243,CALEDONIA RD,None,CORBY AVE,None,None,None,2631,14072001,13461089,2631,"{""coordinates"": [[-79.45870299753527, 43.68465999905675]], ""type"": ""MultiPoint""}"
89,5244,CALEDONIA RD,None,NORMAN AVE,None,None,None,2632,14015440,13462333,2632,"{""coordinates"": [[-79.45579500089455, 43.677779001362794]], ""type"": ""MultiPoint""}"
90,5245,CALEDONIA RD,None,PLAYFAIR AVE,None,None,None,2633,9668739,13456989,2633,"{""coordinates"": [[-79.46581099906267, 43.70823699937011]], ""type"": ""MultiPoint""}"
91,5246,CALEDONIA RD,None,INNES AVE,None,None,HUGHES PUBLIC SCHOOL,2634,14015397,13461740,2634,"{""coordinates"": [[-79.4571650006515, 43.68103300335553]], ""type"": ""MultiPoint""}"
92,5247,CARLAW AVE,None,LANGLEY AVE,None,None,None,2635,8416824,13463405,2635,"{""coordinates"": [[-79.34363399617024, 43.66976599962105]], ""type"": ""MultiPoint""}"
93,5248,CARLAW AVE,None,STRATHCONA AVE,None,None,WITHROW PARK,2636,1141015,13462487,2636,"{""coordinates"": [[-79.34598200470548, 43.67534099830651]], ""type"": ""MultiPoint""}"
94,5249,CARLTON ST,20m WEST OF,BOWMAN ST,None,None,SPRUCECOURT JR PS,2637,20061848,13464223,2637,"{""coordinates"": [[-79.36383900526238, 43.665406996905126]], ""type"": ""MultiPoint""}"
95,5251,CASSANDRA BLVD,20m EAST OF,REDWILLOW DR,None,None,CASSANDRA PUBLIC SCHOOL,2638,30100005,13450548,2638,"{""coordinates"": [[-79.32928299658533, 43.747680996143906]], ""type"": ""MultiPoint""}"
96,5252,CEDAR DR,None,GATESVIEW AVE,None,None,None,2639,110373,13450452,2639,"{""coordinates"": [[-79.21683699662535, 43.74672300210124]], ""type"": ""MultiPoint""}"
97,5254,CELESTINE DR,None,MOFORD CRES,None,None,FELIX-LECLERC ELEMENTARY,2640,909014,13460324,2640,"{""coordinates"": [[-79.56097099564028, 43.69012200097827]], ""type"": ""MultiPoint""}"
98,5255,CENTENNIAL RD,None,D ARCY MAGEE CRES,None,None,ST BRENDAN CATHOLIC SCHOOL,2641,106787,13445207,2641,"{""coordinates"": [[-79.1490499980295, 43.78346400329618]], ""type"": ""MultiPoint""}"
99,5257,CHAPLIN CRES,220m WEST OF,SPADINA RD,None,None,FOREST HILL ARENA,2642,30069986,,2642,"{""coordinates"": [[-79.4210209991699, 43.70403099964778]], ""type"": ""MultiPoint""}"
100,5261,CHARLOTTETOWN BLVD,6m SOUTH OF,MCCULLEY ST,None,None,CHARLOTTETOWN JR P.S.,2643,30059706,,2643,"{""coordinates"": [[-79.14254400611334, 43.78167699687025]], ""type"": ""MultiPoint""}"
101,5262,CHARTLAND BLVD S,None,BRIARSCROSS BLVD,None,None,IROQUOIS JR P.S.,2644,104716,13443082,2644,"{""coordinates"": [[-79.2698199990036, 43.8032070002408]], ""type"": ""MultiPoint""}"
102,5263,CHARTLAND BLVD S,None,SHELLAMWOOD TRL,None,None,CHARTLAND JR P.S.,2645,104983,13443360,2645,"{""coordinates"": [[-79.27819599630983, 43.80036099973296]], ""type"": ""MultiPoint""}"
103,5266,CHRISTIE ST,None,LAMBERTLODGE AVE,None,None,None,2646,30104691,13462935,2646,"{""coordinates"": [[-79.42238300392613, 43.67383699983856]], ""type"": ""MultiPoint""}"
104,5267,CHRISTIE ST,None,ESSEX ST,None,None,None,2647,8009337,13463865,2647,"{""coordinates"": [[-79.42029200597689, 43.66833799976059]], ""type"": ""MultiPoint""}"
105,5268,CHRISTIE ST,None,TYRREL AVE,None,None,None,2648,14003782,13462183,2648,"{""coordinates"": [[-79.4242770016418, 43.67821799762113]], ""type"": ""MultiPoint""}"
106,5269,CHRISTIE ST,None,YARMOUTH RD,None,None,None,2649,14012373,13463568,2649,"{""coordinates"": [[-79.42093200612237, 43.670010999580875]], ""type"": ""MultiPoint""}"
107,5272,CLONMORE DR,None,PARKLAND RD,None,None,None,2650,113186,13460547,2650,"{""coordinates"": [[-79.28013499733295, 43.68505299672905]], ""type"": ""MultiPoint""}"
108,5273,CLONMORE DR,None,QUEENSBURY AVE,None,None,None,2651,2271414,13459524,2651,"{""coordinates"": [[-79.27657999384606, 43.690643003251125]], ""type"": ""MultiPoint""}"
109,5274,CLYDE AVE,None,BANNOCKBURN AVE,None,None,MONTESORI - BANNOCKBURN SCHOOL,2652,443340,13453080,2652,"{""coordinates"": [[-79.42447900169107, 43.73306800389961]], ""type"": ""MultiPoint""}"
110,5277,CORNWALLIS DR,None,BLAISDALE RD,None,None,None,2653,109931,13449918,2653,"{""coordinates"": [[-79.27932399877484, 43.75118899962086]], ""type"": ""MultiPoint""}"
111,5278,CORONATION DR,90m WEST OF,SHOREVIEW DR,None,None,PETER SECOR JR P.S.,2654,108815,,2654,"{""coordinates"": [[-79.17983399761219, 43.76292400259423]], ""type"": ""MultiPoint""}"
112,5279,COSBURN AVE,None,LINSMORE CRES,None,None,None,2655,1405,,2655,"{""coordinates"": [[-79.33447300200312, 43.692737003097335]], ""type"": ""MultiPoint""}"
113,5280,COSBURN AVE,None,LOGAN AVE,None,None,None,2656,20044957,,2656,"{""coordinates"": [[-79.35316699946037, 43.68856699570784]], ""type"": ""MultiPoint""}"
114,5281,COXWELL AVE,None,EARL HAIG AVE,None,None,EARL HAIG JR PS,2657,10557913,,2657,"{""coordinates"": [[-79.32268199450128, 43.681148003576055]], ""type"": ""MultiPoint""}"
115,5282,CRAIGLEE DR,None,HASLAM ST,None,None,None,2658,112502,,2658,"{""coordinates"": [[-79.25846200010199, 43.70543500229548]], ""type"": ""MultiPoint""}"
116,5283,CRENDON DR,70m SOUTH OF,ULVERSTON RD,None,None,BROADACRES JR SCHOOL,2659,7515109,,2659,"{""coordinates"": [[-79.57230699645137, 43.64765500352171]], ""type"": ""MultiPoint""}"
117,5284,CRESCENT RD,None,CRESCENT MOUNT PLEASANT RAMP,None,None,MOOREDALE HOUSE COMMUNITY CENTRE,2660,20145557,,2660,"{""coordinates"": [[-79.38045499885541, 43.67827500154077]], ""type"": ""MultiPoint""}"
118,5285,CROW TRL,40m SOUTH OF,TUNMEAD SQ,None,None,TOM LONGBOAT JR PS,2661,104120,,2661,"{""coordinates"": [[-79.23236999614426, 43.81020099652406]], ""type"": ""MultiPoint""}"
119,5286,CROW TRL,30m WEST OF,WINGARDEN CRT,None,None,ST GABRIEL LALEMONT CATHOLIC SCHOOL,2662,103863,,2662,"{""coordinates"": [[-79.22711400598952, 43.81202300143111]], ""type"": ""MultiPoint""}"
120,5287,CUMMER AVE,None,CONACHER DR,None,None,None,2663,436897,,2663,"{""coordinates"": [[-79.39690900612295, 43.79150999746158]], ""type"": ""MultiPoint""}"
121,5288,CUMMER AVE,None,RUDDINGTON DR,None,None,RUDDINGTON PARK,2664,30093577,,2664,"{""coordinates"": [[-79.3903159995624, 43.79312799844552]], ""type"": ""MultiPoint""}"
122,5290,DAVENPORT RD,None,GREENLAW AVE,None,None,None,2665,20045924,,2665,"{""coordinates"": [[-79.4454970016118, 43.67202700381694]], ""type"": ""MultiPoint""}"
123,5292,DAVENPORT RD,None,HOWLAND AVE,None,None,None,2666,1140941,,2666,"{""coordinates"": [[-79.41343999810924, 43.67679699922075]], ""type"": ""MultiPoint""}"
124,5293,DAVISVILLE AVE,125m WEST OF,PAILTON CRES,None,None,None,2667,11272480,,2667,"{""coordinates"": [[-79.39241999557974, 43.69918000352981]], ""type"": ""MultiPoint""}"
125,5295,DONLANDS AVE,None,FIELDING AVE,None,None,WILKINSON JR PUBLIC SCHOOL,2668,1139911,,2668,"{""coordinates"": [[-79.33800000004558, 43.68218000150185]], ""type"": ""MultiPoint""}"
126,5296,DONLANDS AVE,None,PLAINS RD,None,None,None,2669,10269630,,2669,"{""coordinates"": [[-79.3424500042689, 43.69310000159923]], ""type"": ""MultiPoint""}"
127,5297,DONLANDS AVE,50m NORTH OF,MEMORIAL PARK AVE,None,None,HOLY CROSS CATHOLIC SCHOOL,2670,14646499,,2670,"{""coordinates"": [[-79.34115499500025, 43.68985800430405]], ""type"": ""MultiPoint""}"
128,5298,THE DONWAY E,None,GREENLAND RD,None,None,None,2671,30004314,,2671,"{""coordinates"": [[-79.33993000108005, 43.73380000005125]], ""type"": ""MultiPoint""}"
129,5299,THE DONWAY W,None,DUNCAIRN RD,None,None,None,2672,30004508,,2672,"{""coordinates"": [[-79.3465470006734, 43.73960799625068]], ""type"": ""MultiPoint""}"
130,5300,THE KINGSWAY,None,HARTFIELD RD,None,None,HUMBER VALLEY JR MIDDLE SCHOOL,2673,910250,,2673,"{""coordinates"": [[-79.52662399819614, 43.66646300221163]], ""type"": ""MultiPoint""}"
131,5301,THE KINGSWAY,None,PRINCE GEORGE DR,None,None,None,2674,909914,13463815,2674,"{""coordinates"": [[-79.5410639991236, 43.67023600131975]], ""type"": ""MultiPoint""}"
132,5302,PRINCESS MARGARET BLVD,None,PRINCESS ANNE CRES,None,None,ST GEORGE'S JR SCHOOL,2675,909765,,2675,"{""coordinates"": [[-79.54247599720124, 43.67274999729569]], ""type"": ""MultiPoint""}"
133,5303,ELMHURST DR,None,DRUMHELLER RD,None,None,None,2676,907596,,2676,"{""coordinates"": [[-79.56371200027453, 43.72389000042026]], ""type"": ""MultiPoint""}"
134,5304,ELMHURST DR,None,MUNCEY AVE,None,None,TIMOTHY CHRISTIAN SCHOOL,2677,907576,,2677,"{""coordinates"": [[-79.55346000327442, 43.72441000025045]], ""type"": ""MultiPoint""}"
135,5305,RENFORTH DR,105m SOUTH OF,GENTIAN DR,None,None,MOTHER CABRINI CATHOLIC SCHOOL,2678,910405,,2678,"{""coordinates"": [[-79.58517400209206, 43.663983000983706]], ""type"": ""MultiPoint""}"
136,5306,THE WESTWAY,None,CALLOWHILL DR,None,None,KIPLING COLLEGIATE,2679,909272,,2679,"{""coordinates"": [[-79.56420600456902, 43.68405499868938]], ""type"": ""MultiPoint""}"
137,5307,PARK LAWN RD,None,DODDINGTON DR,None,None,ST MARK'S CATHOLIC CHURCH,2680,912674,,2680,"{""coordinates"": [[-79.49239999635954, 43.63387000219281]], ""type"": ""MultiPoint""}"
138,5309,RATHBURN RD,230m WEST OF,THE WEST MALL,None,None,NATIVITY OF OUR LORD CATHOLIC SCHOOL,2681,911125,,2681,"{""coordinates"": [[-79.57522799758624, 43.65238100273389]], ""type"": ""MultiPoint""}"
139,5314,WASHBURN WAY,None,GRIFFEN DR,None,None,ST BARNABUS CATHOLIC SCHOOL,2682,105391,,2682,"{""coordinates"": [[-79.2281560059104, 43.79833899659383]], ""type"": ""MultiPoint""}"
140,5315,ROYAL YORK RD,None,KINGSGROVE BLVD,None,None,None,2683,10071609,,2683,"{""coordinates"": [[-79.51413900293224, 43.65363000191894]], ""type"": ""MultiPoint""}"
141,5320,DOVERCOURT RD,25m NORTH OF,ST ANNES RD,None,None,None,2684,9410106,13466553,2684,"{""coordinates"": [[-79.42566400414823, 43.6517049991609]], ""type"": ""MultiPoint""}"
142,5324,DREWRY AVE,None,NORWIN ST,None,None,RJ LANG ELEMENTARY AND MIDDLE SCHOOL,2685,437473,,2685,"{""coordinates"": [[-79.42797899812882, 43.78477700117804]], ""type"": ""MultiPoint""}"
143,5325,DREWRY AVE,None,PECKFORD RD,None,None,None,2686,7226461,,2686,"{""coordinates"": [[-79.44138699578458, 43.78179700163438]], ""type"": ""MultiPoint""}"
144,5327,DUFFERIN ST,None,FLORENCE ST,None,None,ALEX MUIR PUBLIC SCHOOL,2687,1146365,13467502,2687,"{""coordinates"": [[-79.4300370012591, 43.64596499730807]], ""type"": ""MultiPoint""}"
145,5328,DUNCAN MILL RD,None,VALLEYBROOK DR,None,None,None,2688,30005251,,2688,"{""coordinates"": [[-79.35310499562546, 43.761895998863935]], ""type"": ""MultiPoint""}"
146,5334,DUPONT ST,None,PERTH AVE,None,None,None,2689,1143120,,2689,"{""coordinates"": [[-79.45248399806, 43.66547500053399]], ""type"": ""MultiPoint""}"
147,5336,EAST AVE,None,MABERLEY CRES,None,None,WILLIAM G DAVIS JR PS,2690,60002910,13444943,2690,"{""coordinates"": [[-79.13346544448811, 43.785130217642575]], ""type"": ""MultiPoint""}"
148,5337,EAST DR,None,BEXLEY CRES,None,None,None,2691,30102876,,2691,"{""coordinates"": [[-79.49984199494845, 43.678220997940514]], ""type"": ""MultiPoint""}"
149,5338,THE EAST MALL,125m NORTH OF,ROBINGLADE DR,None,None,None,2692,910870,,2692,"{""coordinates"": [[-79.56580499545562, 43.65658400301302]], ""type"": ""MultiPoint""}"
150,5339,THE EAST MALL,260m SOUTH OF,CAPRI RD,None,None,BURNAMTHORPE C.I. /  WEST GLEN JR SCHOOL,2693,6765661,,2693,"{""coordinates"": [[-79.5620839938796, 43.65050199587693]], ""type"": ""MultiPoint""}"
151,5341,EASTERN AVE,None,MORSE ST,None,None,None,2694,1143977,,2694,"{""coordinates"": [[-79.34006200176076, 43.658129996604224]], ""type"": ""MultiPoint""}"
152,5343,EASTWOOD RD,None,HIGHCROFT RD,None,None,None,2695,1141353,,2695,"{""coordinates"": [[-79.31685099462196, 43.67342399736634]], ""type"": ""MultiPoint""}"
153,5344,EILEEN AVE,25m WEST OF,MILDRED AVE,None,None,None,2696,30095590,,2696,"{""coordinates"": [[-79.49805599867362, 43.668798997861664]], ""type"": ""MultiPoint""}"
154,5346,ELMCREST RD,None,LAVER RD,None,None,None,2697,7471822,,2697,"{""coordinates"": [[-79.58402000185562, 43.64478999674023]], ""type"": ""MultiPoint""}"
155,5347,ELMHURST DR,None,TURPIN AVE,None,None,None,2698,907584,,2698,"{""coordinates"": [[-79.55479900158358, 43.72407000123712]], ""type"": ""MultiPoint""}"
156,5352,FOXWELL ST,None,BRUTON RD,None,None,None,2699,30095599,,2699,"{""coordinates"": [[-79.49873899570328, 43.67004599785427]], ""type"": ""MultiPoint""}"
157,5353,GALLOWAY RD,200m SOUTH OF,LAWRENCE AVE E,None,None,None,2700,60010002,,2700,"{""coordinates"": [[-79.19572199637567, 43.764404000719935]], ""type"": ""MultiPoint""}"
158,5355,GERRARD ST E,None,ALTON AVE,PRUST AVE,None,None,2701,10575733,,2701,"{""coordinates"": [[-79.33049999548497, 43.67037299756276]], ""type"": ""MultiPoint""}"
159,5356,GERRARD ST E,None,BERKELEY ST,None,None,None,2702,4014966,,2702,"{""coordinates"": [[-79.36846000217268, 43.662045996907516]], ""type"": ""MultiPoint""}"
160,5362,GERRARD ST E,None,ASHDALE AVE,None,None,None,2703,1141578,,2703,"{""coordinates"": [[-79.3219050039524, 43.67232100379178]], ""type"": ""MultiPoint""}"
161,5363,GERRARD ST E,None,BEATON AVE,None,None,BOWMORE ROAD JR AND SR P.S.,2704,10558220,,2704,"{""coordinates"": [[-79.31700199930852, 43.676148002791166]], ""type"": ""MultiPoint""}"
162,5364,GERRARD ST E,None,DE GRASSI ST,None,None,EASTDALE COLLEGIATE,2705,1142671,,2705,"{""coordinates"": [[-79.34858700260855, 43.66633900143259]], ""type"": ""MultiPoint""}"
163,5365,GERRARD ST E,None,KINGSMOUNT PARK RD,None,None,None,2706,1140245,,2706,"{""coordinates"": [[-79.31284699937697, 43.67966999831123]], ""type"": ""MultiPoint""}"
164,5366,GERRARD ST E,None,LESLIE ST,None,None,None,2707,11585548,,2707,"{""coordinates"": [[-79.33311600512997, 43.66978999601566]], ""type"": ""MultiPoint""}"
165,5369,GLENROY AVE,None,HUMBERVALE BLVD,None,None,SUNNYLEA JR SCHOOL,2708,911803,,2708,"{""coordinates"": [[-79.50779300498228, 43.64252199918627]], ""type"": ""MultiPoint""}"
166,5370,GOLFDOWN DR,50m WEST OF,ENDICOTT AVE,None,None,THE ELMS JR MIDDLE SCHOOL,2709,907635,,2709,"{""coordinates"": [[-79.55206599572503, 43.722919002371825]], ""type"": ""MultiPoint""}"
167,5371,GOLFDOWN DR,None,TURPIN AVE,None,None,ST. STEPHEN CATHOLIC SCHOOL,2710,907698,,2710,"{""coordinates"": [[-79.55423199905813, 43.722421999512825]], ""type"": ""MultiPoint""}"
168,5372,GRANDRAVINE DR,None,SHARPECROFT BLVD,None,None,GRANDRAVINE COMMUNITY CENTRE,2711,7369138,,2711,"{""coordinates"": [[-79.48984400558994, 43.752086002623024]], ""type"": ""MultiPoint""}"
169,5374,GREENWOOD AVE,None,GLEBEHOLME BLVD,None,None,DANFORTH COLLEGIATE INSTITUTE,2712,1139662,,2712,"{""coordinates"": [[-79.33342999745066, 43.68402999826261]], ""type"": ""MultiPoint""}"
170,5375,GREENWOOD AVE,None,IVY AVE,None,None,None,2713,10576674,,2713,"{""coordinates"": [[-79.32903999785196, 43.67342000433854]], ""type"": ""MultiPoint""}"
171,5376,GRENOBLE DR,180m WEST OF,DEAUVILLE LANE,None,None,GRENOBLE JR PUBLIC SCHOOL,2714,30093218,,2714,"{""coordinates"": [[-79.3324920061752, 43.716054996312884]], ""type"": ""MultiPoint""}"
172,5381,EASTDALE AVE,None,GOODWOOD PARK CRES,None,None,None,2715,7762643,,2715,"{""coordinates"": [[-79.30062999749595, 43.69450999566548]], ""type"": ""MultiPoint""}"
173,5382,HARBORD ST,None,BORDEN ST,None,None,CENTRAL TECHNICAL SCHOOL,2716,10906471,13464856,2716,"{""coordinates"": [[-79.4072170054946, 43.66201600121515]], ""type"": ""MultiPoint""}"
174,5384,HARBORD ST,None,ROBERT ST,None,None,None,2717,1143459,13464734,2717,"{""coordinates"": [[-79.40386699832675, 43.662699000301224]], ""type"": ""MultiPoint""}"
175,5385,HAWKSBURY DR,None,BAYVIEW MEWS LANE,None,None,HAWKSBURY PARK,2718,7941471,,2718,"{""coordinates"": [[-79.38356700482747, 43.77058899794334]], ""type"": ""MultiPoint""}"
176,5387,HIGHCASTLE RD,None,OAKMEADOW BLVD,None,None,SOUTH INT,2719,106483,,2719,"{""coordinates"": [[-79.21459000469112, 43.78682000318989]], ""type"": ""MultiPoint""}"
177,5389,HOLLEY AVE,None,PARKE ST,None,None,None,2720,30073428,,2720,"{""coordinates"": [[-79.5304580003471, 43.70647700072828]], ""type"": ""MultiPoint""}"
178,5390,HORNER AVE,None,FOCH AVE,None,None,SIR ADAM BECK PUBLIC SCHOOL,2721,5662885,,2721,"{""coordinates"": [[-79.54847000111752, 43.60099699882419]], ""type"": ""MultiPoint""}"
179,5391,HOWARD PARK AVE,None,SUNNYSIDE AVE,None,None,None,2722,8594370,13466723,2722,"{""coordinates"": [[-79.45340900538258, 43.65105299732594]], ""type"": ""MultiPoint""}"
180,5392,HUMBER BLVD,40m NORTH OF,CLIFF ST,None,None,None,2723,9051,,2723,"{""coordinates"": [[-79.48340499871433, 43.678693001695045]], ""type"": ""MultiPoint""}"
181,5393,HUMBER BLVD,None,LOUVAIN ST,None,None,NORTH INTERSECTION,2724,8937,,2724,"{""coordinates"": [[-79.4820469944228, 43.68066800003173]], ""type"": ""MultiPoint""}"
182,5394,HUMBER BLVD,None,LOUVAIN ST,None,ARCH BISHOP ROMERO CATHOLIC SCHOOL,SOUTH INTERSECTION,2725,2884873,,2725,"{""coordinates"": [[-79.48182100565866, 43.6805779961874]], ""type"": ""MultiPoint""}"
183,5395,HUMBER COLLEGE BLVD,90m SOUTH OF,WINDWOOD DR,None,None,HUMBER COLLEGE,2726,12387603,,2726,"{""coordinates"": [[-79.60670499655676, 43.73076699576049]], ""type"": ""MultiPoint""}"
184,5396,HUNTINGWOOD DR,None,COLINAYRE CRES,None,None,None,2727,105938,,2727,"{""coordinates"": [[-79.29561699515475, 43.79453899552742]], ""type"": ""MultiPoint""}"
185,5397,HUNTINGWOOD DR,None,FAIRGLEN AVE,None,None,None,2728,6547241,,2728,"{""coordinates"": [[-79.32295600358437, 43.78096700307848]], ""type"": ""MultiPoint""}"
186,5398,SURREY AVE,None,INNISWOOD DR,None,None,None,2729,111039,,2729,"{""coordinates"": [[-79.30613000335676, 43.7365700022624]], ""type"": ""MultiPoint""}"
187,5402,JONES AVE,None,STRATHCONA AVE,BAIRD AVE,None,EARL GREY SR PUBLIC SCHOOL,2730,8822783,,2730,"{""coordinates"": [[-79.33888000263548, 43.67695999737768]], ""type"": ""MultiPoint""}"
188,5403,JONES AVE,None,HAZELWOOD AVE,None,None,None,2731,1140417,,2731,"{""coordinates"": [[-79.33978000335051, 43.679029998823495]], ""type"": ""MultiPoint""}"
189,5404,KANE AVE,None,EWART AVE,None,SILVERTHORN COMMUNITY SCHOOL,None,2732,8344,,2732,"{""coordinates"": [[-79.46892400286437, 43.68783299906757]], ""type"": ""MultiPoint""}"
190,5405,KENDLETON DR,None,ORPINGTON CRES,None,None,EAST INTERSECTION,2733,907003,,2733,"{""coordinates"": [[-79.58390099686108, 43.73863699705244]], ""type"": ""MultiPoint""}"
191,5406,KENNEDY RD,None,CRAIGLEE DR,None,None,None,2734,112531,,2734,"{""coordinates"": [[-79.2570439981995, 43.70569099968002]], ""type"": ""MultiPoint""}"
192,5410,KING ST W,70m WEST OF,WILSON PARK RD,None,None,None,2735,30099743,,2735,"{""coordinates"": [[-79.44228799568337, 43.63704600304677]], ""type"": ""MultiPoint""}"
193,5413,KING ST E,None,ONTARIO ST,None,None,None,2736,8353870,13466404,2736,"{""coordinates"": [[-79.36608700500564, 43.65176399724318]], ""type"": ""MultiPoint""}"
194,5414,KING ST E,None,SACKVILLE ST,None,None,None,2737,30073980,13465975,2737,"{""coordinates"": [[-79.36034899970618, 43.654410002076304]], ""type"": ""MultiPoint""}"
195,5417,KING ST W,None,BRANT ST,None,None,None,2738,10222754,13467592,2738,"{""coordinates"": [[-79.3976469979606, 43.64495399957373]], ""type"": ""MultiPoint""}"
196,5422,THE KINGSWAY,None,ANGLESEY BLVD,None,None,None,2739,910250,,2739,"{""coordinates"": [[-79.52194299952858, 43.66403999934583]], ""type"": ""MultiPoint""}"
197,5424,LAMBTON AVE,None,GUESTVILLE AVE,None,None,None,2740,10367412,,2740,"{""coordinates"": [[-79.4890000007957, 43.683081997173446]], ""type"": ""MultiPoint""}"
198,5426,LANSDOWNE AVE,130m SOUTH OF,RIDEAU AVE,None,None,None,2741,20061774,,2741,"{""coordinates"": [[-79.43870999587573, 43.64587999861415]], ""type"": ""MultiPoint""}"
199,5429,LANSDOWNE AVE,None,PATON RD,None,None,None,2742,1143820,,2742,"{""coordinates"": [[-79.44362999671712, 43.66075999951819]], ""type"": ""MultiPoint""}"
200,5430,LANSDOWNE AVE,175m NORTH OF,SEAFORTH AVE,None,None,None,2743,14016992,,2743,"{""coordinates"": [[-79.43805499797034, 43.64421600345454]], ""type"": ""MultiPoint""}"
201,5432,LA ROSE AVE,60m EAST OF,GRIGGSDEN AVE,None,151 LA ROSE AVE,LA ROSE AVE SHOPPING PLAZA,2744,9345057,,2744,"{""coordinates"": [[-79.52346300339535, 43.68505700372272]], ""type"": ""MultiPoint""}"
202,5433,LA ROSE AVE,None,ARCADE DR,None,45 LA ROSE AVE,None,2745,909113,,2745,"{""coordinates"": [[-79.51640699645621, 43.68648600330597]], ""type"": ""MultiPoint""}"
203,5435,LIVINGSTON RD,None,ROWATSON RD,None,None,GUILDWOOD JR PUBLIC SCHOOL,2746,14669051,,2746,"{""coordinates"": [[-79.20060099686256, 43.75074500165555]], ""type"": ""MultiPoint""}"
204,5436,LOGAN AVE,None,MC CONNELL AVE,None,None,None,2747,1140879,,2747,"{""coordinates"": [[-79.34897400535975, 43.67615400206484]], ""type"": ""MultiPoint""}"
205,5437,LUMSDEN AVE,None,BARRINGTON AVE,None,None,None,2748,30015306,,2748,"{""coordinates"": [[-79.30336000005629, 43.695180000846975]], ""type"": ""MultiPoint""}"
206,5439,MABELLE AVE,225m SOUTH OF,DUNDAS ST W,None,None,#49 MABELLE AVE,2749,7042040,,2749,"{""coordinates"": [[-79.52850999575847, 43.645350001069254]], ""type"": ""MultiPoint""}"
207,5440,MAIN ST,None,SWANWICK AVE,None,None,KIMBERLY JR P.S.,2750,14016242,,2750,"{""coordinates"": [[-79.2995000032053, 43.68229999899558]], ""type"": ""MultiPoint""}"
208,5441,MAIN ST,None,BENLAMOND AVE,None,None,None,2751,1140025,,2751,"{""coordinates"": [[-79.29891999416768, 43.680959999424864]], ""type"": ""MultiPoint""}"
209,5443,MANSE RD,80m SOUTH OF,HAINFORD ST,None,JOSEPH BRANT SR PUBLIC SCHOOL,HERON PARK JR PUBLIC SCHOOL,2752,30082495,,2752,"{""coordinates"": [[-79.17509899882332, 43.76775300185464]], ""type"": ""MultiPoint""}"
210,5456,MC CAUL ST,None,GRANGE RD,None,None,None,2753,12631085,13466350,2753,"{""coordinates"": [[-79.39066700200972, 43.652411998391386]], ""type"": ""MultiPoint""}"
211,5457,MC CAUL ST,None,ORDE ST,None,None,None,2754,14022820,13465455,2754,"{""coordinates"": [[-79.39304400538435, 43.65803699617934]], ""type"": ""MultiPoint""}"
212,5460,MCRAE DR,None,CRANDALL RD,None,None,TORONTO (LEASIDE) PUBLIC LIBRARY,2755,588,,2755,"{""coordinates"": [[-79.3678650051509, 43.70656900429292]], ""type"": ""MultiPoint""}"
213,5462,MELROSE ST,105m WEST OF,WESLEY ST,None,None,GEORGE R GAULD JR SCHOOL,2756,913522,,2756,"{""coordinates"": [[-79.49812900416774, 43.62032200116003]], ""type"": ""MultiPoint""}"
214,5463,MERTON ST,160m EAST OF,YONGE ST,None,None,None,2757,30074578,,2757,"{""coordinates"": [[-79.39425999971704, 43.696535999588164]], ""type"": ""MultiPoint""}"
215,5468,MILITARY TRL,170m WEST OF,MORNINGSIDE AVE,None,None,MILITARY TRAIL PUBLIC SCHOOL,2758,14658974,,2758,"{""coordinates"": [[-79.19637700148056, 43.78989599718135]], ""type"": ""MultiPoint""}"
216,5469,MILITARY TRL,200m EAST OF,HIGHCASTLE RD,None,None,HIGHCASTLE JR PUBLIC SCHOOL,2759,106435,,2759,"{""coordinates"": [[-79.21167099605171, 43.78658699996349]], ""type"": ""MultiPoint""}"
217,5470,MILITARY TRL,None,SKYRIDGE RD,PRIVATE ACCESS,451 MILITARY TRAIL,None,2760,106161,,2760,"{""coordinates"": [[-79.20636299549011, 43.78953900106617]], ""type"": ""MultiPoint""}"
218,5471,MILL RD,125m NORTH OF,LAVER RD,None,None,MILL VALLEY JR SCHOOL,2761,60017911,,2761,"{""coordinates"": [[-79.58736400592277, 43.64389900080059]], ""type"": ""MultiPoint""}"
219,5472,MILL RD,None,TOLEDO RD,None,None,MILLWOOD JR SCHOOL,2762,912833,,2762,"{""coordinates"": [[-79.57677199764922, 43.63387400074722]], ""type"": ""MultiPoint""}"
220,5473,MIMICO AVE,None,ELIZABETH ST,None,None,JOHN ENGLISH JR MIDDLE SCHOOL,2763,913943,,2763,"{""coordinates"": [[-79.49510800121134, 43.61261499936213]], ""type"": ""MultiPoint""}"
221,5474,MONTERREY DR,None,AMARON AVE,None,None,BEAUMONDE HEIGHTS JR MIDDLE SCHOOL,2764,906864,,2764,"{""coordinates"": [[-79.57567399612924, 43.742777998540625]], ""type"": ""MultiPoint""}"
222,5475,MONTGOMERY RD,None,WILGAR RD,None,None,OUR LADY OF SORROWS ELEMENTARY,2765,10756376,,2765,"{""coordinates"": [[-79.51791899628059, 43.64852499856185]], ""type"": ""MultiPoint""}"
223,5477,MORNINGSIDE AVE,None,CUMBER AVE,FORDOVER DR,None,None,2766,109491,13449162,2766,"{""coordinates"": [[-79.18049499971717, 43.75478400277782]], ""type"": ""MultiPoint""}"
224,5479,MORTIMER AVE,None,BONNIE BRAE BLVD,None,None,None,2767,1652,,2767,"{""coordinates"": [[-79.33181000563792, 43.68945900276676]], ""type"": ""MultiPoint""}"
225,5481,NELSON ST,None,FARMBROOK RD,None,None,CEDARBROOK JR PUBLIC SCHOOL,2768,110186,,2768,"{""coordinates"": [[-79.22894799459554, 43.746987997788956]], ""type"": ""MultiPoint""}"
226,5482,NORSEMAN ST,None,GLADFERN RD,None,None,NORSEMAN JR MIDDLE SCHOOL,2769,7794393,,2769,"{""coordinates"": [[-79.51586299793784, 43.63497799903373]], ""type"": ""MultiPoint""}"
227,5484,OAKWOOD AVE,None,CLOVELLY AVE,None,None,None,2770,7809,,2770,"{""coordinates"": [[-79.44177999566678, 43.69495000131801]], ""type"": ""MultiPoint""}"
228,5485,OAKWOOD AVE,None,CONWAY AVE,None,None,None,2771,8830,,2771,"{""coordinates"": [[-79.43686999952706, 43.68260999678306]], ""type"": ""MultiPoint""}"
229,5486,OAKWOOD AVE,50m SOUTH OF,EARLSDALE AVE,None,None,C. BERETON PARK,2772,8538,,2772,"{""coordinates"": [[-79.43784099576995, 43.684987999447856]], ""type"": ""MultiPoint""}"
230,5489,ORTON PARK RD,235m SOUTH OF,ELLESMERE RD,None,None,None,2773,107216,,2773,"{""coordinates"": [[-79.21502399863596, 43.77836700151926]], ""type"": ""MultiPoint""}"
231,5492,OSSINGTON AVE,None,ESSEX ST,None,None,None,2774,1142925,,2774,"{""coordinates"": [[-79.42750999470917, 43.66649999774808]], ""type"": ""MultiPoint""}"
232,5493,OSSINGTON AVE,None,LEEDS ST,None,None,None,2775,1143238,,2775,"{""coordinates"": [[-79.42654999822726, 43.6641600003857]], ""type"": ""MultiPoint""}"
233,5497,PACKARD BLVD,50m SOUTH OF,STANWELL DR,None,None,WALKWAY TO ST. ANDREWS P.S.,2776,108418,,2776,"{""coordinates"": [[-79.25323599447123, 43.767617004227304]], ""type"": ""MultiPoint""}"
234,5498,PAINTED POST DR,None,CAREW GT,BARLOW RD,None,None,2777,108042,,2777,"{""coordinates"": [[-79.22314699990422, 43.770264004110295]], ""type"": ""MultiPoint""}"
235,5504,PAPE AVE,None,BAIN AVE,None,None,None,2778,1141630,,2778,"{""coordinates"": [[-79.34236999993112, 43.67293000316027]], ""type"": ""MultiPoint""}"
236,5506,PAPE AVE,None,HARCOURT AVE,None,None,None,2779,1140638,,2779,"{""coordinates"": [[-79.34429000372437, 43.67750000364502]], ""type"": ""MultiPoint""}"
237,5507,PAPE AVE,None,STRATHCONA AVE,None,None,None,2780,1140910,,2780,"{""coordinates"": [[-79.34362599862052, 43.6759030015089]], ""type"": ""MultiPoint""}"
238,5508,PARK LAWN RD,None,HILL HEIGHTS RD,None,None,PARK LAWN JR MIDDLE SCHOOL,2781,912282,,2781,"{""coordinates"": [[-79.4942750038118, 43.638205997121595]], ""type"": ""MultiPoint""}"
239,5509,PARLIAMENT ST,200m NORTH OF,WELLESLEY ST E,None,None,None,2782,7640147,,2782,"{""coordinates"": [[-79.37026000560033, 43.66994000191151]], ""type"": ""MultiPoint""}"
240,5510,PARLIAMENT ST,None,OAK ST,None,None,LORD DUFFERIN PS,2783,30073974,20235156,2783,"{""coordinates"": [[-79.36653199382006, 43.660717999328625]], ""type"": ""MultiPoint""}"
241,5518,PHOEBE ST,None,HURON ST,None,None,OGDEN PUBLIC SCHOOL,2784,20089930,13466683,2784,"{""coordinates"": [[-79.39499600081362, 43.65047500372803]], ""type"": ""MultiPoint""}"
242,5519,PITFIELD RD,None,STONEWALL GT,None,None,FARQUHARSON PARK,2785,30094028,,2785,"{""coordinates"": [[-79.26239799751772, 43.78527699633665]], ""type"": ""MultiPoint""}"
243,5520,POPLAR PLAINS RD,None,BALMORAL AVE,None,None,AVENUE RD ARTS SCHOOL,2786,7992576,,2786,"{""coordinates"": [[-79.40309000359468, 43.684320001869104]], ""type"": ""MultiPoint""}"
244,5521,POPLAR RD,None,CORONATION DR,None,None,None,2787,108894,,2787,"{""coordinates"": [[-79.18916600004603, 43.7616270033646]], ""type"": ""MultiPoint""}"
245,5523,POPLAR RD,None,WALDOCK ST,None,None,None,2788,109115,,2788,"{""coordinates"": [[-79.18818500290729, 43.75933499784329]], ""type"": ""MultiPoint""}"
246,5524,POYNTER DR,30m EAST OF,FENLEY DR,None,None,WESTWAY JR SCHOOL,2789,908884,,2789,"{""coordinates"": [[-79.5496139969807, 43.69106100106896]], ""type"": ""MultiPoint""}"
247,5525,PRINCE EDWARD DR N,95m SOUTH OF,GOVERNMENT RD,None,None,LAMBTON-KINGSWAY JR MIDDLE SCHOOL,2790,7033940,,2790,"{""coordinates"": [[-79.50946600440162, 43.65826500174893]], ""type"": ""MultiPoint""}"
248,5526,PRINCE EDWARD DR S,None,WINSTON GRV,SUNNYLEA AVE E,None,None,2791,7872163,,2791,"{""coordinates"": [[-79.50266400192872, 43.642149000798355]], ""type"": ""MultiPoint""}"
249,5528,PRITCHARD AVE,None,MARIPOSA AVE,None,None,GEORGE SYME COMMUNITY SCHOOL,2792,20091433,,2792,"{""coordinates"": [[-79.49066499838297, 43.670004001498945]], ""type"": ""MultiPoint""}"
250,5529,QUEEN ST E,None,NEVILLE PARK BLVD,None,None,None,2793,7684242,,2793,"{""coordinates"": [[-79.28229300124977, 43.673727004261586]], ""type"": ""MultiPoint""}"
251,5530,QUEEN ST E,None,CURZON ST,None,None,None,2794,1143227,13464544,2794,"{""coordinates"": [[-79.33142490430623, 43.66299797036619]], ""type"": ""MultiPoint""}"
252,5531,QUEEN ST E,None,BALSAM AVE,None,None,None,2795,9950457,,2795,"{""coordinates"": [[-79.28986399888588, 43.67217800293029]], ""type"": ""MultiPoint""}"
253,5534,QUEEN ST E,None,EMPIRE AVE,None,None,JIMMY SIMPSON PARK/REC CENTRE,2796,8432285,,2796,"{""coordinates"": [[-79.34437800464167, 43.660089002726465]], ""type"": ""MultiPoint""}"
254,5535,QUEEN ST E,None,LARCHMOUNT AVE,None,None,None,2797,1143311,13464645,2797,"{""coordinates"": [[-79.33431577462264, 43.66233607975523]], ""type"": ""MultiPoint""}"
255,5536,QUEEN ST E,None,MORSE ST,None,None,None,2798,8392952,,2798,"{""coordinates"": [[-79.34121699508768, 43.660809002876306]], ""type"": ""MultiPoint""}"
256,5537,QUEEN ST E,None,ONTARIO ST,None,None,None,2799,1144562,13465894,2799,"{""coordinates"": [[-79.36720299464508, 43.65501500443168]], ""type"": ""MultiPoint""}"
257,5545,QUEEN ST E,None,ASHDALE AVE,None,None,None,2800,1142692,,2800,"{""coordinates"": [[-79.31919399399078, 43.66574899976139]], ""type"": ""MultiPoint""}"
258,5546,QUEEN ST E,None,BOULTON AVE,None,None,None,2801,1143797,,2801,"{""coordinates"": [[-79.34680099412543, 43.65955600249133]], ""type"": ""MultiPoint""}"
259,5547,QUEEN ST E,None,CARROLL ST,None,None,None,2802,11585489,,2802,"{""coordinates"": [[-79.35231300546208, 43.65831099830033]], ""type"": ""MultiPoint""}"
260,5548,QUEEN ST E,None,SACKVILLE ST,None,None,None,2803,1144363,13465673,2803,"{""coordinates"": [[-79.36146500044606, 43.65627000418447]], ""type"": ""MultiPoint""}"
261,5551,QUEEN ST W,None,TRILLER AVE,None,None,None,2804,10759692,13468375,2804,"{""coordinates"": [[-79.44382499546624, 43.63918099596533]], ""type"": ""MultiPoint""}"
262,5554,RATHBURN RD,None,THE WYND,None,None,None,2805,9278760,,2805,"{""coordinates"": [[-79.53860399718545, 43.660850003032905]], ""type"": ""MultiPoint""}"
263,5555,REDGRAVE DR,None,WATERBURY DR,None,None,None,2806,909329,,2806,"{""coordinates"": [[-79.56963800441326, 43.68277400175957]], ""type"": ""MultiPoint""}"
264,5556,RENFORTH DR,20m SOUTH OF,TABARD GT,None,None,HOLLYCREST MIDDLE SCHOOL,2807,910965,,2807,"{""coordinates"": [[-79.58172799877893, 43.65643200170058]], ""type"": ""MultiPoint""}"
265,5557,RENFORTH DR,None,BRIDGETOWN DR,None,None,BLOORDALE PARK,2808,30009324,,2808,"{""coordinates"": [[-79.56803999523528, 43.63611900400604]], ""type"": ""MultiPoint""}"
266,5558,ROGERS RD,None,BRONOCO AVE,None,None,ST NICHOLAS OF BARI CATHOLIC SCHOOL,2809,14068812,,2809,"{""coordinates"": [[-79.46012700118942, 43.68344999974411]], ""type"": ""MultiPoint""}"
267,5560,RONCESVALLES AVE,None,FERN AVE,None,None,None,2810,1146514,13467723,2810,"{""coordinates"": [[-79.4483710060691, 43.64455200033625]], ""type"": ""MultiPoint""}"
268,5561,RONCESVALLES AVE,None,MARION ST,None,None,None,2811,1146952,13468159,2811,"{""coordinates"": [[-79.44701600152455, 43.64107600420173]], ""type"": ""MultiPoint""}"
269,5562,RONCESVALLES AVE,None,WESTMINSTER AVE,None,None,None,2812,1146273,13467356,2812,"{""coordinates"": [[-79.4493929952383, 43.64720399938049]], ""type"": ""MultiPoint""}"
270,5563,ROSELAWN AVE,None,TIMES RD,None,None,None,2813,20010472,,2813,"{""coordinates"": [[-79.44616299414521, 43.70115599783293]], ""type"": ""MultiPoint""}"
271,5566,ROYAL YORK RD,None,STANLEY AVE,None,None,None,2814,7847513,,2814,"{""coordinates"": [[-79.49758099629979, 43.61430199849377]], ""type"": ""MultiPoint""}"
272,5567,ROYAL YORK RD,20m SOUTH OF,KING GEORGES RD,None,None,None,2815,10071197,,2815,"{""coordinates"": [[-79.51258299787533, 43.650101002974715]], ""type"": ""MultiPoint""}"
273,5568,ROYAL YORK RD,None,YORKVIEW DR,None,None,ETOBICOKE SCHOOL OF ARTS,2816,10142864,,2816,"{""coordinates"": [[-79.50445999611509, 43.63081000132469]], ""type"": ""MultiPoint""}"
274,5569,ROYALCREST RD,None,CABERNET CRCL,None,None,MSGR. JOHN CORRIGAN CATHOLIC SCHOOL,2817,8192154,,2817,"{""coordinates"": [[-79.60439400329513, 43.75114900220569]], ""type"": ""MultiPoint""}"
275,5571,RUNNYMEDE RD,None,COLBECK ST,None,None,RUNNYMEDE JR & SR PUBLIC SCHOOL,2818,7973682,,2818,"{""coordinates"": [[-79.47780100263618, 43.6548210043832]], ""type"": ""MultiPoint""}"
276,5572,RUNNYMEDE RD,None,KENNEDY AVE,GLENWOOD AVE,None,RUNNYMEDE JR & SR PUBLIC SCHOOL,2819,7973682,,2819,"{""coordinates"": [[-79.47856500236277, 43.65672100271066]], ""type"": ""MultiPoint""}"
277,5574,RUSSELL HILL RD,None,COULSON AVE,None,None,THE BISHOP STRACHAN SCHOOL,2820,1139290,,2820,"{""coordinates"": [[-79.4101199944682, 43.69088999906733]], ""type"": ""MultiPoint""}"
278,5575,SAMMON AVE,None,MONARCH PARK AVE,None,None,None,2821,7940767,,2821,"{""coordinates"": [[-79.32965000389052, 43.6879740013844]], ""type"": ""MultiPoint""}"
279,5577,SASKATOON DR,None,BENBOW RD,None,None,VALLEYFIELD JR SCHOOL,2822,908692,,2822,"{""coordinates"": [[-79.53882800022943, 43.694520995566634]], ""type"": ""MultiPoint""}"
280,5581,SCOTT RD,None,EWART AVE,None,None,SILVERTHORNE JR PUBLIC SCHOOL,2823,8403,,2823,"{""coordinates"": [[-79.47121200367096, 43.68731900272399]], ""type"": ""MultiPoint""}"
281,5585,SHAVER AVE N,None,LORENE DR,None,None,None,2824,911519,,2824,"{""coordinates"": [[-79.55105300580452, 43.64627800148228]], ""type"": ""MultiPoint""}"
282,5587,SHENDALE DR,165m WEST OF,NORFIELD CRES,None,None,#66/#68 SHENDALE DR,2825,10035766,,2825,"{""coordinates"": [[-79.55340999785463, 43.7205700015887]], ""type"": ""MultiPoint""}"
283,5588,SHERBOURNE ST,195m SOUTH OF,WELLESLEY ST E,None,None,None,2826,10923460,,2826,"{""coordinates"": [[-79.37396999646974, 43.66543000196951]], ""type"": ""MultiPoint""}"
284,5590,SHROPSHIRE DR,None,MAXIM CRES,None,None,None,2827,109170,,2827,"{""coordinates"": [[-79.28662899385483, 43.76083799737613]], ""type"": ""MultiPoint""}"
285,5591,SHUTER ST,None,GEORGE ST,None,None,MOSS PARK,2828,1144474,13465816,2828,"{""coordinates"": [[-79.37276100559086, 43.655607998099576]], ""type"": ""MultiPoint""}"
286,5592,SHUTER ST,None,ONTARIO ST,None,None,None,2829,14020873,,2829,"{""coordinates"": [[-79.36762899960466, 43.656363000877]], ""type"": ""MultiPoint""}"
287,5595,SILVERSTONE DR,None,BUCKSBURN RD,None,None,CLAIRVILLE JR SCHOOL,2830,906684,,2830,"{""coordinates"": [[-79.59972099419959, 43.74816000447202]], ""type"": ""MultiPoint""}"
288,5596,SILVERSTONE DR,None,AVENING DR,None,None,MELODY VILLAGE JR PS,2831,10154323,,2831,"{""coordinates"": [[-79.59548600188448, 43.737591001333165]], ""type"": ""MultiPoint""}"
289,5597,SKYMARK DR,90m NORTH OF,FINCH AVE E,None,SKYMARK PLACE SHOPPING CENTRE,None,2832,436759,,2832,"{""coordinates"": [[-79.35245000565632, 43.793973996281494]], ""type"": ""MultiPoint""}"
290,5598,SLAN AVE,None,SPRAYWOOD GT,None,None,HEATHER HEIGHTS P.S.,2833,107600,,2833,"{""coordinates"": [[-79.21380799503267, 43.77523000345381]], ""type"": ""MultiPoint""}"
291,5601,SPADINA RD,None,ARDMORE RD,None,None,FORREST HILL JR & SR PUBLIC SCHOOL,2834,1139019,,2834,"{""coordinates"": [[-79.41539099531217, 43.69513300121797]], ""type"": ""MultiPoint""}"
292,5605,ST CLAIR AVE W,None,BRITANNIA AVE,None,None,None,2835,1142450,,2835,"{""coordinates"": [[-79.48087600438011, 43.66959600384017]], ""type"": ""MultiPoint""}"
293,5608,ST JOHNS RD,None,BROOKSIDE AVE,None,None,None,2836,7033975,,2836,"{""coordinates"": [[-79.49200199754476, 43.66146799993305]], ""type"": ""MultiPoint""}"
294,5609,ST JOHNS RD,None,WILLARD AVE,None,None,KING GEORGE JR PUBLIC SCHOOL,2837,10526951,,2837,"{""coordinates"": [[-79.48666999794659, 43.66267299836133]], ""type"": ""MultiPoint""}"
295,5610,ST JOSEPH ST,None,ELMSLEY PL,None,None,155m WEST OF BAY ST,2838,8140588,13464302,2838,"{""coordinates"": [[-79.3895010041052, 43.66523100094318]], ""type"": ""MultiPoint""}"
296,5613,STERLING RD,210m NORTH OF,DUNDAS ST W,None,None,None,2839,30131273,,2839,"{""coordinates"": [[-79.44393000374518, 43.652409998527375]], ""type"": ""MultiPoint""}"
297,5614,SUMMITCREST DR,None,NORBY CRES,None,None,None,2840,909239,,2840,"{""coordinates"": [[-79.53532000040133, 43.684339998360535]], ""type"": ""MultiPoint""}"
298,5616,SURREY AVE,None,HEXHAM DR,None,None,None,2841,110963,,2841,"{""coordinates"": [[-79.30120199662537, 43.737627003038995]], ""type"": ""MultiPoint""}"
299,5619,THIRTY FIRST ST,None,ASH CRES,None,None,JAMES S BELL JR MIDDLE SCHOOL,2842,7287729,,2842,"{""coordinates"": [[-79.52990900323437, 43.594409002156965]], ""type"": ""MultiPoint""}"
300,5621,THISTLE DOWN BLVD,None,JUDHAVEN RD,None,None,ST JOHN VIANNEY CATHOLIC SCHOOL,2843,9779703,,2843,"{""coordinates"": [[-79.55464399819627, 43.738263004248296]], ""type"": ""MultiPoint""}"
301,5622,THORNCLIFFE PARK DR,270m SOUTH OF,OVERLEA BLVD,None,None,EAST INT,2844,30098857,30098856,2844,"{""coordinates"": [[-79.3423689971461, 43.70516199570399]], ""type"": ""MultiPoint""}"
302,5623,THORNCLIFFE PARK DR,605m SOUTH OF,OVERLEA BLVD,None,None,JENNER JEAN-MARIE COMMUNITY REC CENTRE,2845,30035969,,2845,"{""coordinates"": [[-79.34230400069222, 43.702706997311935]], ""type"": ""MultiPoint""}"
303,5624,THORNCLIFFE PARK DR,120m SOUTH OF,MILEPOST PL,None,None,R. V. BURGESS PARK TRL,2846,30098782,30098781,2846,"{""coordinates"": [[-79.34558969117788, 43.702650877403045]], ""type"": ""MultiPoint""}"
304,5626,TIMBERBANK BLVD,None,FLUELLEN DR,None,None,TIMBERBANK JR P.S.,2847,30000648,,2847,"{""coordinates"": [[-79.30742399866209, 43.79096000023053]], ""type"": ""MultiPoint""}"
305,5629,TWENTIETH ST,85m NORTH OF,LAKE SHORE BLVD W,None,None,TWENTIETH STREET JR SCHOOL,2848,914588,,2848,"{""coordinates"": [[-79.5194089962254, 43.59843299623119]], ""type"": ""MultiPoint""}"
306,5630,TWENTY FIRST ST,65m NORTH OF,LAKE SHORE BLVD W,None,None,TWENTIETH STREET JR SCHOOL,2849,914598,,2849,"{""coordinates"": [[-79.52043999535891, 43.5980259962997]], ""type"": ""MultiPoint""}"
307,5631,UNDERHILL DR,95m NORTH OF,ROANOKE RD,None,None,ST CATHERINE CATHOLIC SCHOOL,2850,8292452,,2850,"{""coordinates"": [[-79.32554099411983, 43.742746004472004]], ""type"": ""MultiPoint""}"
308,5632,UNDERHILL DR,20m SOUTH OF,BEVERIDGE DR,None,None,MILNE VALLEY MIDDLE SCHOOL,2851,441427,,2851,"{""coordinates"": [[-79.32620100409443, 43.74750199796409]], ""type"": ""MultiPoint""}"
309,5635,VALERMO DR,None,HALLMARK AVE,None,None,None,2852,914204,,2852,"{""coordinates"": [[-79.54363000598985, 43.60683200404504]], ""type"": ""MultiPoint""}"
310,5638,VAUGHAN RD,None,ARLINGTON AVE,None,None,None,2853,10663526,,2853,"{""coordinates"": [[-79.43174999573826, 43.688829998785906]], ""type"": ""MultiPoint""}"
311,5640,VAUGHAN RD,None,HUMEWOOD DR,None,None,None,2854,8211,,2854,"{""coordinates"": [[-79.42849000240082, 43.68882000370986]], ""type"": ""MultiPoint""}"
312,5642,VAUGHAN RD,None,MAPLEWOOD AVE,None,None,None,2855,8467,,2855,"{""coordinates"": [[-79.42206000278537, 43.68602999627919]], ""type"": ""MultiPoint""}"
313,5643,VICTORIA ST,None,ALEXANDER ST,None,None,DAVID HORNELL PUBLIC SCHOOL,2856,30126207,,2856,"{""coordinates"": [[-79.48879800261454, 43.618774998393256]], ""type"": ""MultiPoint""}"
314,5645,WARREN RD,105m NORTH OF,LONSDALE RD,None,None,THE BISHOP STRACHAN SCHOOL,2857,1139251,,2857,"{""coordinates"": [[-79.40830299933958, 43.690671003589514]], ""type"": ""MultiPoint""}"
315,5646,WELLESLEY ST E,150m EAST OF,YONGE ST,None,None,None,2858,30130900,,2858,"{""coordinates"": [[-79.38270399611486, 43.66532200114703]], ""type"": ""MultiPoint""}"
316,5647,WELLESWORTH DR,110m SOUTH OF,DIXFIELD DR,None,None,WELLESWORTH JR SCHOOL,2859,910913,,2859,"{""coordinates"": [[-79.57698899714856, 43.65605799992239]], ""type"": ""MultiPoint""}"
317,5648,WEST DEANE PARK DR,None,BEAVER BEND CRES,None,None,JOSYF CARDINAL SCHOOL,2860,910564,,2860,"{""coordinates"": [[-79.56587000004608, 43.6599889956951]], ""type"": ""MultiPoint""}"
318,5649,THE WEST MALL,185m SOUTH OF,EVA RD,None,None,None,2861,912527,,2861,"{""coordinates"": [[-79.56405299909945, 43.637687998065026]], ""type"": ""MultiPoint""}"
319,5650,WESTHUMBER BLVD,None,AMORO DR,None,None,None,2862,10158784,,2862,"{""coordinates"": [[-79.57833200244114, 43.72714999642154]], ""type"": ""MultiPoint""}"
320,5651,WESTHUMBER BLVD,None,DELSING DR,None,None,None,2863,30134638,,2863,"{""coordinates"": [[-79.5833419967189, 43.72680200280834]], ""type"": ""MultiPoint""}"
321,5653,THE WESTWAY,None,CELESTINE DR,None,None,DIXON GROVE JR MIDDLE SCHOOL,2864,909200,,2864,"{""coordinates"": [[-79.55692900121569, 43.68538799640886]], ""type"": ""MultiPoint""}"
322,5655,WICKSON TRL,None,QUANTRELL TRL,LOWRY SQ,None,None,2865,104613,,2865,"{""coordinates"": [[-79.21201599425417, 43.803403002426904]], ""type"": ""MultiPoint""}"
323,5658,WILLOWDALE AVE,None,ELMWOOD AVE,None,None,None,2866,439051,,2866,"{""coordinates"": [[-79.40170000224683, 43.76889000323936]], ""type"": ""MultiPoint""}"
324,5659,WILLOWDALE AVE,None,MCKEE AVE,None,None,None,2867,438273,,2867,"{""coordinates"": [[-79.40434000043926, 43.77509999813505]], ""type"": ""MultiPoint""}"
325,5661,WILLOWDALE AVE,None,PARKVIEW AVE,None,None,None,2868,30134638,,2868,"{""coordinates"": [[-79.40356199654306, 43.77322700298752]], ""type"": ""MultiPoint""}"
326,5663,WINCOTT DR,None,PETTIT DR,None,None,SILVER CREEK PARK,2869,909340,,2869,"{""coordinates"": [[-79.54590499884402, 43.68216399672286]], ""type"": ""MultiPoint""}"
327,5664,WINDERMERE AVE,None,ST OLAVES RD,None,None,SWANSEA JR & SR PUBLIC SCHOOL,2870,7632578,,2870,"{""coordinates"": [[-79.47630800323404, 43.64267300412334]], ""type"": ""MultiPoint""}"
328,5667,YONGE BLVD,None,DUNSTER AVE,None,None,None,2871,7123174,,2871,"{""coordinates"": [[-79.41329000251089, 43.73956000106651]], ""type"": ""MultiPoint""}"
329,5668,YORK MILLS RD,None,NESS DR,None,None,SAINTE-MADELEINE ELEMENTARY,2872,439609,,2872,"{""coordinates"": [[-79.32280000146781, 43.761811996622725]], ""type"": ""MultiPoint""}"
330,5672,RATHBURN RD,135m EAST OF,MEADOWBANK RD,None,None,IN FRONT OF 337 RATHBURN RD,2873,8105744,,2873,"{""coordinates"": [[-79.55903700332973, 43.656184996186816]], ""type"": ""MultiPoint""}"
331,5673,ROYAL YORK RD,45m NORTH OF,CONEY RD,None,None,BISHOP ALLEN ACADEMY,2874,10142922,,2874,"{""coordinates"": [[-79.50595000243715, 43.63436000046783]], ""type"": ""MultiPoint""}"
332,5674,THE KINGSWAY,65m NORTH OF,LAMBETH RD,None,HUMBERTOWN PLAZA,None,2875,11048057,,2875,"{""coordinates"": [[-79.51863400502309, 43.66146800316611]], ""type"": ""MultiPoint""}"
333,5676,COSBURN AVE,None,ROOSEVELT RD,None,None,COSBURN MIDDLE SCHOOL,2876,7794467,,2876,"{""coordinates"": [[-79.3309300003969, 43.6935299981935]], ""type"": ""MultiPoint""}"
334,5677,BEECROFT RD,165m SOUTH OF,PARK HOME AVE,None,None,None,2877,14659522,,2877,"{""coordinates"": [[-79.41571800330286, 43.767104997334634]], ""type"": ""MultiPoint""}"
335,5680,DAWES RD,None,DENTONIA PARK AVE,None,None,None,2878,3111332,,2878,"{""coordinates"": [[-79.29705000286313, 43.69208999941056]], ""type"": ""MultiPoint""}"
336,5681,CONSUMERS RD,365m WEST OF,HALLCROWN PL,None,None,IN FRONT OF 420 CONSUMERS RD,2879,438663,,2879,"{""coordinates"": [[-79.32715800095288, 43.77071599966728]], ""type"": ""MultiPoint""}"
337,5682,DENLOW BLVD,None,HAMLET GT,None,None,DAYSTROM PUBLIC SCHOOL,2880,441685,,2880,"{""coordinates"": [[-79.36405999414697, 43.74523599699345]], ""type"": ""MultiPoint""}"
338,5684,FAYWOOD BLVD,None,BAINBRIDGE AVE,None,None,None,2881,20045915,,2881,"{""coordinates"": [[-79.4497199991206, 43.74817999790167]], ""type"": ""MultiPoint""}"
339,5685,GOSFORD BLVD,110m NORTH OF,ARTECH CRT,None,None,GOSFORD PUBLIC SCHOOL,2882,11267531,,2882,"{""coordinates"": [[-79.52110799431087, 43.763617002190585]], ""type"": ""MultiPoint""}"
340,5686,GRENOBLE DR,65m SOUTH OF,VENDOME PL,None,None,None,2883,30093203,,2883,"{""coordinates"": [[-79.32778999739398, 43.71508999627691]], ""type"": ""MultiPoint""}"
341,5687,FENELON DR,None,KAREN RD,None,#135 FENLON DR,None,2884,439507,,2884,"{""coordinates"": [[-79.33879199716411, 43.762973996645165]], ""type"": ""MultiPoint""}"
342,5691,OLD FINCH AVE,None,LITTLES RD,None,None,HERITAGE PARK P.S.,2885,30074026,,2885,"{""coordinates"": [[-79.20633800393239, 43.821045004490585]], ""type"": ""MultiPoint""}"
343,5693,YORKLAND RD,45m SOUTH OF,YORKLAND BLVD,None,None,None,2886,30096399,,2886,"{""coordinates"": [[-79.33605000195396, 43.772540000616054]], ""type"": ""MultiPoint""}"
344,5695,YORKWOODS GT,165m EAST OF,JANE ST,None,None,YORKWOODS GATE PUBLIC SCHOOL,2887,30102677,,2887,"{""coordinates"": [[-79.51405099671881, 43.75117400251323]], ""type"": ""MultiPoint""}"
345,5696,ALTON TOWERS CRCL,175m SOUTH OF,GOLDHAWK TRL,None,None,"NORTH INT, GOLDHAWK LIBRARY",2888,30021288,,2888,"{""coordinates"": [[-79.27782400392789, 43.82455900218635]], ""type"": ""MultiPoint""}"
346,5698,BONIS AVE,None,CARABOB CRT,KING HENRYS BLVD,None,None,2889,30097367,,2889,"{""coordinates"": [[-79.29709400174117, 43.78415100030103]], ""type"": ""MultiPoint""}"
347,5700,GUILDWOOD PKWY,None,CHANCERY LANE,None,None,SIR WILFRED LAURIER COLLEGIATE,2890,110088,,2890,"{""coordinates"": [[-79.19599200533686, 43.74823500292985]], ""type"": ""MultiPoint""}"
348,5701,GUILDWOOD PKWY,40m WEST OF,SCHUBERT DR,None,None,JACK MINOR SR P.S.,2891,109865,,2891,"{""coordinates"": [[-79.18677000375715, 43.750236002195045]], ""type"": ""MultiPoint""}"
349,5702,HIGHVIEW AVE,40m EAST OF,SOUTH WOODROW BLVD,None,None,BIRCH CLIFF HEIGHTS PUBLIC SCHOOL,2892,112688,,2892,"{""coordinates"": [[-79.26045299540745, 43.70101299561915]], ""type"": ""MultiPoint""}"
350,5703,HUNTINGWOOD DR,170m WEST OF,MOLLARD RD,None,HENRY KELSEY SR PUBLIC SCHOOL,None,2893,30002254,,2893,"{""coordinates"": [[-79.27773499794257, 43.798144999783744]], ""type"": ""MultiPoint""}"
351,5710,CHAPLIN CRES,180m SOUTHEAST OF,ROSELAWN AVE,None,None,N/W END MEMORIAL PARK AT SPORTS TRACK,2894,30069986,,2894,"{""coordinates"": [[-79.42263899768305, 43.704543999687864]], ""type"": ""MultiPoint""}"
352,5711,DUFFERIN ST,None,MELBOURNE AVE,None,None,None,2895,14036227,13468186,2895,"{""coordinates"": [[-79.42800599986148, 43.640598999455854]], ""type"": ""MultiPoint""}"
353,5712,THE ESPLANADE,110m EAST OF,PRINCESS ST,None,None,MARKET LANE PUBLIC SCHOOL,2896,30126337,,2896,"{""coordinates"": [[-79.36478899882462, 43.64960700376861]], ""type"": ""MultiPoint""}"
354,5713,GREENWOOD AVE,None,ATHLETIC AVE,None,None,None,2897,1142034,,2897,"{""coordinates"": [[-79.32741999946094, 43.66953999683494]], ""type"": ""MultiPoint""}"
355,5714,ST CLAIR AVE E,60m WEST OF,MARILYN CRES,None,None,PRESTEIGN HEIGHTS ELEMENTARY,2898,656,,2898,"{""coordinates"": [[-79.3171350024259, 43.70475899630454]], ""type"": ""MultiPoint""}"
356,5716,MOUNTJOY AVE,60m WEST OF,LAMB AVE,None,None,GREENWOOD SECONDARY SCHOOL,2899,30107983,,2899,"{""coordinates"": [[-79.3294019970782, 43.68040899700297]], ""type"": ""MultiPoint""}"
357,5718,RIVER ST,None,OAK ST,None,None,None,2900,30104671,13464678,2900,"{""coordinates"": [[-79.35868700463371, 43.6624150001001]], ""type"": ""MultiPoint""}"
358,5719,RONCESVALLES AVE,None,GALLEY AVE,None,None,None,2901,8008155,13467938,2901,"{""coordinates"": [[-79.44770400616143, 43.64282999578447]], ""type"": ""MultiPoint""}"
359,5721,BLAKE ST,110m NORTH OF,BOULTBEE AVE,None,None,None,2902,14045103,,2902,"{""coordinates"": [[-79.33858000552519, 43.67339000152116]], ""type"": ""MultiPoint""}"
360,5723,VAUGHAN RD,None,ONSLOW CRES,None,None,None,2903,7889,,2903,"{""coordinates"": [[-79.44305999522723, 43.693479997031716]], ""type"": ""MultiPoint""}"
361,5726,BRIDLETOWNE CRCL,65m NORTH OF,HUNTINGDALE BLVD,None,None,None,2904,105432,,2904,"{""coordinates"": [[-79.3192559959178, 43.79760600234167]], ""type"": ""MultiPoint""}"
362,5727,CELESTINE DR,None,LUDSTONE DR,None,None,None,2905,908907,,2905,"{""coordinates"": [[-79.5618969994282, 43.69209099602196]], ""type"": ""MultiPoint""}"
363,5729,ALTON TOWERS CRCL,None,INGLETON BLVD,None,None,None,2906,11702641,,2906,"{""coordinates"": [[-79.27240999448003, 43.82312300031965]], ""type"": ""MultiPoint""}"
364,5731,NORTH YORK BLVD,160m WEST OF,YONGE ST,None,None,NORTH YORK CIVIC CENTRE,2907,30074318,,2907,"{""coordinates"": [[-79.41428500345759, 43.7665880022075]], ""type"": ""MultiPoint""}"
365,5732,SENLAC RD,None,BURNETT AVE,None,None,None,2908,7118475,,2908,"{""coordinates"": [[-79.42391999674271, 43.76220999559152]], ""type"": ""MultiPoint""}"
366,5734,GOSFORD BLVD,145m NORTH OF,SHOREHAM DR,None,None,JOHN BOOTH MEMORIAL ARENA,2909,30092669,,2909,"{""coordinates"": [[-79.52337499716977, 43.769542000233834]], ""type"": ""MultiPoint""}"
367,5735,HAWKSBURY DR,105m NORTH OF,SHEPPARD AVE E,None,None,BAYVIEW VILLAGE,2910,439041,,2910,"{""coordinates"": [[-79.3834039992332, 43.768753996892016]], ""type"": ""MultiPoint""}"
368,5737,ATTWELL DR,110m NORTH OF,MCLACHLAN DR,None,None,None,2911,8327418,,2911,"{""coordinates"": [[-79.58892400299573, 43.6942349975702]], ""type"": ""MultiPoint""}"
369,5738,FENMAR DR,120m EAST OF,ORMONT DR,None,None,None,2912,10948223,,2912,"{""coordinates"": [[-79.5547980056202, 43.761988995614374]], ""type"": ""MultiPoint""}"
370,5739,WYNFORD DR,150m EAST OF,GARAMOND CRT,None,None,None,2913,444094,,2913,"{""coordinates"": [[-79.3319949949825, 43.72641699807027]], ""type"": ""MultiPoint""}"
371,5740,HUNTINGWOOD DR,None,BELGREEN AVE,None,None,None,2914,105579,,2914,"{""coordinates"": [[-79.29060200540168, 43.795505000783606]], ""type"": ""MultiPoint""}"
372,5744,CANMORE BLVD,None,HALFMOON SQ,None,None,MORRISH P.S.,2915,105628,,2915,"{""coordinates"": [[-79.17921200389056, 43.793837995585385]], ""type"": ""MultiPoint""}"
373,5749,BAMBURGH CRCL,205m NORTH OF,SHARROWBAY CRT,None,None,ST HENRY CATHOLIC SCHOOL,2916,30021623,,2916,"{""coordinates"": [[-79.32690000182347, 43.813460003283986]], ""type"": ""MultiPoint""}"
374,5750,ATTWELL DR,80m WEST OF,MARMAC DR,None,None,None,2917,908647,,2917,"{""coordinates"": [[-79.59102799692104, 43.69627399685238]], ""type"": ""MultiPoint""}"
375,5751,HUMBERWOOD BLVD,25m NORTH OF,PINECONE DR,None,None,HUMBERWOOD DOWNS JR MIDDLE SCHOOL,2918,30003276,,2918,"{""coordinates"": [[-79.62015300387039, 43.72888999877466]], ""type"": ""MultiPoint""}"
376,5754,VICTORIA PARK AVE,None,SWANWICK AVE,None,None,None,2919,113203,,2919,"{""coordinates"": [[-79.28582000131621, 43.6851300036424]], ""type"": ""MultiPoint""}"
377,5758,NEILSON RD,155m SOUTH OF,ELLESMERE RD,None,None,ROUGE VALLEY HEALTH SYSTEM,2920,107096,,2920,"{""coordinates"": [[-79.20435399548134, 43.78127700183909]], ""type"": ""MultiPoint""}"
378,5762,ARMOURY ST,None,CENTRE AVE,None,None,None,2921,1144851,,2921,"{""coordinates"": [[-79.38632000044873, 43.653439997736456]], ""type"": ""MultiPoint""}"
379,5764,COLLEGE ST,None,SHERIDAN AVE,None,None,None,2922,1145237,13466494,2922,"{""coordinates"": [[-79.43458400486344, 43.65214699946466]], ""type"": ""MultiPoint""}"
380,5765,CUMBERLAND ST,150m EAST OF,AVENUE RD,None,None,OLD YORK LANE,2923,60001522,,2923,"{""coordinates"": [[-79.39268100091827, 43.669967003690296]], ""type"": ""MultiPoint""}"
381,5766,DELISLE AVE,170m WEST OF,YONGE ST,None,None,None,2924,1139360,,2924,"{""coordinates"": [[-79.39657299524595, 43.68871200390716]], ""type"": ""MultiPoint""}"
382,5769,GERRARD ST E,None,GOLFVIEW AVE,None,None,None,2925,1139879,,2925,"{""coordinates"": [[-79.30856999859124, 43.68192000351013]], ""type"": ""MultiPoint""}"
383,5772,RONCESVALLES AVE,None,NEEPAWA AVE,MARMADUKE ST,None,None,2926,8030731,13466804,2926,"{""coordinates"": [[-79.45065899621474, 43.65045000347063]], ""type"": ""MultiPoint""}"
384,5773,WALMER RD,125m NORTH OF,BLOOR ST W,None,None,None,2927,10759044,,2927,"{""coordinates"": [[-79.40582600024598, 43.66739699780754]], ""type"": ""MultiPoint""}"
385,5774,COXWELL AVE,90m NORTH OF,ROBBINS AVE,None,None,None,2928,60006309,,2928,"{""coordinates"": [[-79.31835000519033, 43.670680004018784]], ""type"": ""MultiPoint""}"
386,5775,COLONEL SAMUEL SMITH PARK DR,170m SOUTH OF,LAKE SHORE BLVD W,None,None,HUMBER COLLEGE,2929,60013885,,2929,"{""coordinates"": [[-79.51626399681575, 43.59667999645337]], ""type"": ""MultiPoint""}"
387,5777,BEDFORD PARK AVE,150m WEST OF,YONGE ST,None,None,BLESSED SACRAMENT SCHOOL,2930,14036649,,2930,"{""coordinates"": [[-79.4042589969465, 43.727138000367546]], ""type"": ""MultiPoint""}"
388,5778,SCARBOROUGH GOLF CLUB RD,None,GATESVIEW AVE,None,None,None,2931,110087,,2931,"{""coordinates"": [[-79.21026999971306, 43.74812000320808]], ""type"": ""MultiPoint""}"
389,5779,GREENBRAE CRCT,None,SEDGEMOUNT DR,None,None,#35 GREENBRAE CRCT,2932,109283,,2932,"{""coordinates"": [[-79.23208500015961, 43.75928600283634]], ""type"": ""MultiPoint""}"
390,5780,STEINWAY BLVD,105m WEST OF,SIGNAL HILL AVE,None,None,None,2933,9487234,,2933,"{""coordinates"": [[-79.6252050039793, 43.75024600020238]], ""type"": ""MultiPoint""}"
391,5781,WASHBURN WAY,None,NAHANNI TER,None,None,DR. MARION HILLIARD SR P.S.,2934,104718,,2934,"{""coordinates"": [[-79.22443199481825, 43.8025780035403]], ""type"": ""MultiPoint""}"
392,5782,SENTINEL RD,None,FOUNTAINHEAD RD,None,None,None,2935,10071086,,2935,"{""coordinates"": [[-79.50052199778148, 43.76235600305784]], ""type"": ""MultiPoint""}"
393,5783,GRANDRAVINE DR,210m EAST OF,JANE ST,None,None,OAKDALE PARK MIDDLE SCHOOL,2936,30100305,,2936,"{""coordinates"": [[-79.5124860049194, 43.74771999889426]], ""type"": ""MultiPoint""}"
394,5784,QUEEN ST E,None,LOCKWOOD RD,SARAH ASHBRIDGE AVE,None,None,2937,1142260,,2937,"{""coordinates"": [[-79.30912700456305, 43.66801099705453]], ""type"": ""MultiPoint""}"
395,5785,WOODBINE AVE,None,CASSELS AVE,None,None,None,2938,1140438,,2938,"{""coordinates"": [[-79.3099959940572, 43.679001997209696]], ""type"": ""MultiPoint""}"
396,5786,HUPFIELD TRL,None,LADY BOWER CRES,None,None,MARY SHADD PS,2939,6947409,,2939,"{""coordinates"": [[-79.21919100415361, 43.81452799626514]], ""type"": ""MultiPoint""}"
397,5787,BONIS AVE,360m WEST OF,KENNEDY RD,None,None,AGINCOURT LIBRARY,2940,30097367,,2940,"{""coordinates"": [[-79.29350299761182, 43.78567800395746]], ""type"": ""MultiPoint""}"
398,5788,GERRARD ST E,None,BLANTYRE AVE,None,None,None,2941,8264101,,2941,"{""coordinates"": [[-79.28405600055768, 43.68745599662811]], ""type"": ""MultiPoint""}"
399,5789,PROGRESS AVE,None,ROSEBANK DR,None,None,None,2942,30063044,30063042,2942,"{""coordinates"": [[-79.23406900419724, 43.79220199613248]], ""type"": ""MultiPoint""}"
400,5790,MOATFIELD DR,160m EAST OF,VALLEYBROOK DR,None,None,None,2943,11415001,,2943,"{""coordinates"": [[-79.35182399874886, 43.760349003915124]], ""type"": ""MultiPoint""}"
401,5792,DAVISVILLE AVE,195m EAST OF,YONGE ST,None,None,DAVISVILLE JR PS,2944,11272480,,2944,"{""coordinates"": [[-79.39423200576225, 43.698804999817675]], ""type"": ""MultiPoint""}"
402,5793,GATEWAY BLVD,280m EAST OF,DON MILLS RD,None,None,None,2945,445767,,2945,"{""coordinates"": [[-79.33107899425251, 43.710779996859806]], ""type"": ""MultiPoint""}"
403,5795,SHAUGHNESSY BLVD,65m SOUTH OF,NYMARK AVE,None,None,#185 SHAUGNESSY,2946,9962852,,2946,"{""coordinates"": [[-79.35499999682825, 43.781150000792046]], ""type"": ""MultiPoint""}"
404,5796,SHERBOURNE ST,None,EARL ST,None,None,None,2947,7731355,13463693,2947,"{""coordinates"": [[-79.37539300225806, 43.668745997132184]], ""type"": ""MultiPoint""}"
405,5797,GRAYDON HALL DR,210m WEST OF,FENELON DR,None,None,GEORGE S HENRY ACADEMY,2948,30058570,30058569,2948,"{""coordinates"": [[-79.3417520032909, 43.76342100034845]], ""type"": ""MultiPoint""}"
406,5799,BLOOR ST W,None,EMERSON AVE,None,None,None,2949,9638416,,2949,"{""coordinates"": [[-79.44085300001105, 43.65875299744187]], ""type"": ""MultiPoint""}"
407,5800,RONCESVALLES AVE,None,GRENADIER RD,None,None,None,2950,1145962,13467084,2950,"{""coordinates"": [[-79.45002699724364, 43.64883200410393]], ""type"": ""MultiPoint""}"
408,5801,AVENUE RD,None,HILLHOLM RD,None,None,None,2951,1138961,,2951,"{""coordinates"": [[-79.4053659948007, 43.69690099646887]], ""type"": ""MultiPoint""}"
409,5802,SILVER SPRINGS BLVD,165m WEST OF,WAYSIDE AVE,None,None,L'AMOREAUX PARK,2952,30044166,30044164,2952,"{""coordinates"": [[-79.3029369941222, 43.801815003232875]], ""type"": ""MultiPoint""}"
410,5805,ELIZABETH ST,135m SOUTH OF,COLLEGE ST,None,None,TORONTO GENERAL HOSPITAL,2953,7792568,,2953,"{""coordinates"": [[-79.38691500368444, 43.659359003136686]], ""type"": ""MultiPoint""}"
411,5806,OXTON AVE,None,HIGHBOURNE RD,None,None,None,2954,1138924,,2954,"{""coordinates"": [[-79.40420700161388, 43.69705699551742]], ""type"": ""MultiPoint""}"
412,5807,BROADVIEW AVE,None,LANGLEY AVE,None,None,None,2955,1142425,,2955,"{""coordinates"": [[-79.3533329970685, 43.66789899941143]], ""type"": ""MultiPoint""}"
413,5808,LANSDOWNE AVE,None,BRANDON AVE,None,None,None,2956,30127660,,2956,"{""coordinates"": [[-79.44729799480412, 43.66887200024424]], ""type"": ""MultiPoint""}"
414,5809,DUNDAS ST E,None,ASHDALE AVE,None,None,None,2957,10598786,,2957,"{""coordinates"": [[-79.32028799660654, 43.66828399700562]], ""type"": ""MultiPoint""}"
415,5810,MC CAUL ST,95m SOUTH OF,DUNDAS ST W,None,None,ONTARIO COLLEGE OF ART,2958,12631085,,2958,"{""coordinates"": [[-79.39107600074311, 43.65349000422454]], ""type"": ""MultiPoint""}"
416,5812,CALEDONIA RD,None,GLENGROVE AVE,None,None,None,2959,9668819,,2959,"{""coordinates"": [[-79.46529300128063, 43.70650599783656]], ""type"": ""MultiPoint""}"
417,5813,YORK MILLS RD,None,BIRCHWOOD AVE,None,None,None,2960,4792401,,2960,"{""coordinates"": [[-79.39168999520003, 43.74649999860745]], ""type"": ""MultiPoint""}"
418,5815,ROSEHILL AVE,100m EAST OF,YONGE ST,None,None,None,2961,60014007,,2961,"{""coordinates"": [[-79.39202999940096, 43.68653000117755]], ""type"": ""MultiPoint""}"
419,5816,BEVERLEY ST,None,SULLIVAN ST,None,None,None,2962,2842438,13466461,2962,"{""coordinates"": [[-79.3930310032873, 43.65179099890996]], ""type"": ""MultiPoint""}"
420,5817,VAUGHAN RD,None,LOUISE AVE,None,None,None,2963,8696,,2963,"{""coordinates"": [[-79.42140999568953, 43.68441000028329]], ""type"": ""MultiPoint""}"
421,5818,MASON RD,135m NORTH OF,KNOWLTON DR,None,None,MASON ROAD JR PS,2964,110821,,2964,"{""coordinates"": [[-79.22428799454251, 43.739722002975164]], ""type"": ""MultiPoint""}"
422,5819,COLONEL SAMUEL SMITH PARK DR,470m SOUTH OF,LAKE SHORE BLVD W,None,None,FATHER JOHN REDMOND SECONDARY SCHOOL,2965,30079756,30079754,2965,"{""coordinates"": [[-79.51610600083924, 43.594381003993966]], ""type"": ""MultiPoint""}"
423,5820,DAVISVILLE AVE,20m EAST OF,ACACIA RD,None,None,JUNE ROWLANDS PARK,2966,30120134,,2966,"{""coordinates"": [[-79.38934200186564, 43.69981600329732]], ""type"": ""MultiPoint""}"
424,5821,COXWELL AVE,115m NORTH OF,CASCI AVE,None,None,None,2967,30095622,,2967,"{""coordinates"": [[-79.32120999925128, 43.677629995763205]], ""type"": ""MultiPoint""}"
425,5822,GERRARD ST E,None,NORWOOD RD,None,None,None,2968,1139703,,2968,"{""coordinates"": [[-79.30299199925233, 43.68336199602868]], ""type"": ""MultiPoint""}"
426,5823,OASIS BLVD,None,PINOAK ST,None,None,None,2969,14248995,,2969,"{""coordinates"": [[-79.23440000283615, 43.83051000036547]], ""type"": ""MultiPoint""}"
427,5824,MORTIMER AVE,None,CARLAW AVE,None,None,None,2970,1865,13460701,2970,"{""coordinates"": [[-79.34988600094519, 43.685302003405404]], ""type"": ""MultiPoint""}"
428,5825,JOHN GARLAND BLVD,None,JAMESTOWN CRES,None,None,WEST INTERSECTION,2971,6173966,13453485,2971,"{""coordinates"": [[-79.5864170046531, 43.732506997731925]], ""type"": ""MultiPoint""}"
429,5826,CHRISTIE ST,None,BENSON AVE,None,None,None,2972,30101741,13461862,2972,"{""coordinates"": [[-79.4250070029194, 43.67998800248113]], ""type"": ""MultiPoint""}"
430,5827,MERTON ST,None,PAILTON CRES,None,None,None,2973,6868897,13458494,2973,"{""coordinates"": [[-79.38883100519483, 43.69768099697896]], ""type"": ""MultiPoint""}"
431,5828,YORK MILLS RD,None,RAYOAK DR,None,None,None,2974,439609,13448433,2974,"{""coordinates"": [[-79.3211549938297, 43.76218000413938]], ""type"": ""MultiPoint""}"
432,5829,SPADINA RD,5m NORTH OF,COULSON AVE,None,None,None,2975,1139230,,2975,"{""coordinates"": [[-79.41335500430839, 43.69029499984864]], ""type"": ""MultiPoint""}"
433,5830,CRESCENT TOWN RD,110m WEST OF,VICTORIA PARK AVE,None,None,None,2976,30072817,,2976,"{""coordinates"": [[-79.29173600173559, 43.69602999982684]], ""type"": ""MultiPoint""}"
434,5831,BEVERLEY ST,None,CECIL ST,None,None,None,2977,1144296,13465640,2977,"{""coordinates"": [[-79.39516599947653, 43.65697199595251]], ""type"": ""MultiPoint""}"
435,5832,SYMINGTON AVE,None,ERNEST AVE,PATON RD,None,None,2978,1143994,,2978,"{""coordinates"": [[-79.44872499478404, 43.65968899694712]], ""type"": ""MultiPoint""}"
436,5833,QUEEN ST E,6m WEST OF,ALTON AVE,None,None,None,2979,14171607,,2979,"{""coordinates"": [[-79.32802299842743, 43.66377199589845]], ""type"": ""MultiPoint""}"
437,5834,DAWES RD,None,BETH ST,None,None,None,2980,30120529,,2980,"{""coordinates"": [[-79.29643600319666, 43.704414004314735]], ""type"": ""MultiPoint""}"
438,5835,CARLAW AVE,230m NORTH OF,QUEEN ST E,None,None,None,2981,7577021,,2981,"{""coordinates"": [[-79.34080600236386, 43.66281300302324]], ""type"": ""MultiPoint""}"
439,5836,GARRATT BLVD,None,KATHERINE RD,None,None,None,2982,443509,13453300,2982,"{""coordinates"": [[-79.46885000575318, 43.73207399954905]], ""type"": ""MultiPoint""}"
440,5837,SECORD AVE,None,PALMER AVE,None,None,None,2983,1324,13459149,2983,"{""coordinates"": [[-79.3007650043365, 43.6929859975873]], ""type"": ""MultiPoint""}"
441,5838,GERRARD ST E,None,PEMBROKE ST,None,None,None,2984,30057696,13464956,2984,"{""coordinates"": [[-79.37356499469576, 43.660941999685285]], ""type"": ""MultiPoint""}"
442,5840,MORTIMER AVE,None,DURANT AVE,None,None,None,2985,1600,,2985,"{""coordinates"": [[-79.32859699711453, 43.69013699647288]], ""type"": ""MultiPoint""}"
443,5841,DAWES RD,15m NORT OF,GOODWOOD PARK CRT,None,None,None,2986,30065980,,2986,"{""coordinates"": [[-79.29756799640431, 43.695039002540476]], ""type"": ""MultiPoint""}"
444,5842,MILITARY TRL,115m WEST OF,BONSPIEL DR,None,ST. JOHN PAUL II CATHOLIC SCHOOL,TAM HEATHER CURLING AND TENNIS CLUB,2987,14658973,,2987,"{""coordinates"": [[-79.19959399383599, 43.79055400195096]], ""type"": ""MultiPoint""}"
445,5843,BLYTHWOOD RD,100m WEST OF,STRATHGOWAN CRES,None,None,SHERWOOD PARK TRAIL,2988,30057003,,2988,"{""coordinates"": [[-79.38988900192079, 43.71874100318141]], ""type"": ""MultiPoint""}"
446,5845,MCCOWAN RD,15m NORTH OF,SAVARIN ST,PRIVATE ACCESS,None,None,2989,14239688,,2989,"{""coordinates"": [[-79.24053299846987, 43.74292700342049]], ""type"": ""MultiPoint""}"
447,5846,GREENBRAE CRCT,170m EAST OF,SEDGEMOUNT DR,PRIVATE ACCESS,3434 LAWRENCE AVE EAST,None,2990,30066303,,2990,"{""coordinates"": [[-79.23035799510829, 43.760186002538106]], ""type"": ""MultiPoint""}"
448,5847,HEATHER RD,185m WEST OF,SHILTON RD,None,None,None,2991,30102706,20040266,2991,"{""coordinates"": [[-79.27344800455766, 43.789788996231735]], ""type"": ""MultiPoint""}"
449,5848,GALLOWAY RD,None,CORONATION DR,None,None,NORTH INTERSECTION SIDE,2992,11653430,13448446,2992,"{""coordinates"": [[-79.19414899594074, 43.76020100446039]], ""type"": ""MultiPoint""}"
450,5849,MORTIMER AVE,None,DEWHURST BLVD N,None,None,EAST INTERSECTION SIDE,2993,20033798,13460336,2993,"{""coordinates"": [[-79.34211999419763, 43.68704800134427]], ""type"": ""MultiPoint""}"
451,5850,ROSEWELL AVE,227m SOUTH OF,LAWRENCE AVE W,PRIVATE ACCESS,HAVERGAL COLLEGE JUNIOR SCHOOL,455 ROSEWELL AVE,2994,8566546,,2994,"{""coordinates"": [[-79.41229865967965, 43.720996430842646]], ""type"": ""MultiPoint""}"
452,5851,ROYAL YORK RD,None,SYMONS ST,None,None,None,2995,7963732,13470241,2995,"{""coordinates"": [[-79.49479299402704, 43.607559002040034]], ""type"": ""MultiPoint""}"
453,5852,MARINE PARADE DR,260m SOUTH OF,WATERFRONT DR,None,None,None,2996,30070003,,2996,"{""coordinates"": [[-79.47688100254653, 43.62694899648988]], ""type"": ""MultiPoint""}"
454,5853,BIN-SCARTH RD,None,GLEN RD,None,None,None,2997,1139962,13461325,2997,"{""coordinates"": [[-79.37335999384811, 43.68221500431197]], ""type"": ""MultiPoint""}"
455,5854,JOHN GARLAND BLVD,None,JAMESTOWN CRES,None,None,EAST INTERSECTION,2998,30073016,13453238,2998,"{""coordinates"": [[-79.58261049876991, 43.733969874732075]], ""type"": ""MultiPoint""}"
456,5855,THORNCLIFFE PARK DR,125m SOUTH OF,OVERLEA BLVD,None,None,EAST INT,2999,60009974,,2999,"{""coordinates"": [[-79.34317000079811, 43.70639800003253]], ""type"": ""MultiPoint""}"
457,5856,LANSDOWNE AVE,300m SOUTH OF,BLOOR ST W,None,None,None,3000,14017837,,3000,"{""coordinates"": [[-79.44183800511664, 43.65564500353648]], ""type"": ""MultiPoint""}"
458,5857,DEARHAM WOOD,None,SCHUBERT DR,None,None,None,3001,109624,13449380,3001,"{""coordinates"": [[-79.18731999732171, 43.753260001373185]], ""type"": ""MultiPoint""}"
459,5858,GREENCEDAR CRCT,None,DAPHNE RD,None,None,None,3002,109453,13448967,3002,"{""coordinates"": [[-79.22938899636046, 43.75691600294788]], ""type"": ""MultiPoint""}"
460,5859,BRIMORTON DR,None,DOLLY VARDEN BLVD,None,None,None,3003,8714046,13446719,3003,"{""coordinates"": [[-79.23282599982358, 43.77252300101154]], ""type"": ""MultiPoint""}"
461,5860,BENSHIRE DR,None,BELLECHASSE ST,None,None,None,3004,30020542,13448283,3004,"{""coordinates"": [[-79.2453110007867, 43.76209199759016]], ""type"": ""MultiPoint""}"
462,5861,WILMINGTON AVE,None,SEARLE AVE,None,None,None,3005,440487,13449369,3005,"{""coordinates"": [[-79.45462900035011, 43.75731500184592]], ""type"": ""MultiPoint""}"
463,5862,THORNCLIFFE PARK DR,100m SOUTH OF,OVERLEA BLVD,None,None,None,3006,60009945,,3006,"{""coordinates"": [[-79.34874000491934, 43.70437899592879]], ""type"": ""MultiPoint""}"
464,5863,HOLMFIRTH TERRACE,None,VANWART DR,None,None,None,3007,109077,13448486,3007,"{""coordinates"": [[-79.21679203409883, 43.760216156593536]], ""type"": ""MultiPoint""}"
465,5864,WELLINGTON ST W,None,STANLEY TER,None,None,None,3008,11631577,13468085,3008,"{""coordinates"": [[-79.40965100461824, 43.641127003086176]], ""type"": ""MultiPoint""}"
466,5865,VRADENBERG DR,125m WEST OF,LOWCREST BLVD,None,None,None,3009,60008176,,3009,"{""coordinates"": [[-79.3080950384119, 43.77390252692658]], ""type"": ""MultiPoint""}"
467,5866,GUNNS RD,130m WEST OF,WESTON RD,None,None,LAVENDER CREEK TRL,3010,30007349,,3010,"{""coordinates"": [[-79.47212282559606, 43.675485104288654]], ""type"": ""MultiPoint""}"
468,5867,ELM RIDGE DR,100m WEST OF,NEWGATE RD,None,None,None,3011,2903472,,3011,"{""coordinates"": [[-79.43806153386315, 43.70288660362428]], ""type"": ""MultiPoint""}"
469,5868,MOORE AVE,80m EAST OF,WELLAND AVE,None,None,BELTLINE TRAIL,3012,30004907,30004906,3012,"{""coordinates"": [[-79.38070800358109, 43.694769001884865]], ""type"": ""MultiPoint""}"
470,5869,ROGERS RD,None,CHAMBERS AVE,None,None,None,3013,8822,13461543,3013,"{""coordinates"": [[-79.46546282395282, 43.68230820102089]], ""type"": ""MultiPoint""}"
471,5870,OAKDALE RD,500m SOUTH OF,FINCH AVE W,None,None,WESTVIEW CENTENNIAL SCHOOL,3014,10536929,,3014,"{""coordinates"": [[-79.52647490567301, 43.75203116267677]], ""type"": ""MultiPoint""}"
472,5871,MILITARY TRL,None,BOMBAR RD,None,None,None,3015,106744,13445345,3015,"{""coordinates"": [[-79.1772769433163, 43.78266967081285]], ""type"": ""MultiPoint""}"
473,5872,COSBURN AVE,None,GLEBEMOUNT AVE,None,None,None,3016,1141,13458721,3016,"{""coordinates"": [[-79.3216359908238, 43.69552110005404]], ""type"": ""MultiPoint""}"
474,5873,MORRISH RD,None,EUCLID AVE,None,None,None,3017,105584,13443968,3017,"{""coordinates"": [[-79.17479227948948, 43.79364348414382]], ""type"": ""MultiPoint""}"
475,5874,THE POND RD,None,NELSON RD,None,None,None,3018,5716517,13447781,3018,"{""coordinates"": [[-79.50541684093962, 43.76936790213995]], ""type"": ""MultiPoint""}"
476,5875,CHARTWELL RD,None,BADGER DR,None,None,None,3019,912663,13469064,3019,"{""coordinates"": [[-79.51466014490299, 43.63354719115658]], ""type"": ""MultiPoint""}"
477,5876,DAVENPORT RD,None,RAINS AVE,TURNER RD,None,None,3020,1141294,,3020,"{""coordinates"": [[-79.42525522731097, 43.67509397743246]], ""type"": ""MultiPoint""}"
478,5877,MILLWOOD RD,280m EAST OF,YONGE ST,None,None,None,3021,5581068,,3021,"{""coordinates"": [[-79.39334195999211, 43.70003790665286]], ""type"": ""MultiPoint""}"
479,5878,COSBURN AVE,30m EAST OF,GLEDHILL AVE,None,None,None,3022,30080480,30080479,3022,"{""coordinates"": [[-79.31277703545781, 43.69697426906544]], ""type"": ""MultiPoint""}"
480,5880,GREENFIELD AVE,120m WEST OF,DORIS AVE,None,None,None,3023,20040806,,3023,"{""coordinates"": [[-79.41009786305229, 43.76359972427008]], ""type"": ""MultiPoint""}"
481,5881,ROGERS RD,290m EAST OF,CALEDONIA RD,None,None,PROSPECT CEMETERY. WEST SIDE OF INTERSECTION,3024,14658856,,3024,"{""coordinates"": [[-79.45461872833572, 43.68355386406063]], ""type"": ""MultiPoint""}"
482,5882,SENLAC RD,590 m NORTH OF,SHEPPARD AVE W,None,None,YORK CEMETARY ROADWAY,3025,14659533,,3025,"{""coordinates"": [[-79.42474223706661, 43.76406302835157]], ""type"": ""MultiPoint""}"
483,5883,PRINCE EDWARD DR S,None,BERNICE AVE,KENRIDGE AVE,None,None,3026,7853145,13468587,3026,"{""coordinates"": [[-79.5011580954631, 43.6360470360542]], ""type"": ""MultiPoint""}"
484,5884,BROADWAY AVE,170m EAST OF,YONGE ST,None,None,100-120 BROADWAY AVE,3027,7632816,,3027,"{""coordinates"": [[-79.39693815532958, 43.70999356353098]], ""type"": ""MultiPoint""}"
485,5885,QUEEN ST E,None,VICTORIA PARK AVE,None,None,EAST SIDE OF INTERSECTION,3028,113273,13462505,3028,"{""coordinates"": [[-79.28020706804465, 43.674274415443755]], ""type"": ""MultiPoint""}"
486,5887,HUNTINGWOOD DR,None,KITTERY BLVD,None,None,None,3029,105534,13443806,3029,"{""coordinates"": [[-79.28637956151769, 43.796542073628295]], ""type"": ""MultiPoint""}"
487,5889,COMMISSIONERS ST,None,OOKWEMIN ST,None,None,None,3030,14066690,13467444,3030,"{""coordinates"": [[-79.35244000406028, 43.645337001559845]], ""type"": ""MultiPoint""}"
488,5890,MAIN ST,75m NORTH OF,DANFORTH AVE,None,None,None,3031,14016698,14016700,3031,"{""coordinates"": [[-79.30249108684238, 43.68711340606783]], ""type"": ""MultiPoint""}"
489,5891,BEACHELL ST,80m NORTH OF,EGLINTON AVE E,None,None,None,3032,110508,,3032,"{""coordinates"": [[-79.22242898852446, 43.74319174657816]], ""type"": ""MultiPoint""}"
490,5893,HOWARD ST,None,ONTARIO ST,None,None,None,3033,4015005,13463219,3033,"{""coordinates"": [[-79.37372965236061, 43.67132837247753]], ""type"": ""MultiPoint""}"
491,5894,TWYN RIVERS DR,1480m EAST OF,SHEPPARD AVE E,None,PARKING LOT ROUGE NATIONAL URBAN PARK,"120m WEST OF SCARBOROUGH LIMIT, 69 TWYN RIVERS DR",3034,30019512,30019511,3034,"{""coordinates"": [[-79.15358980754344, 43.81445902145313]], ""type"": ""MultiPoint""}"
492,5898,COMMISSIONERS ST,None,FOUNDRY ST,None,None,None,3035,60017064,13467269,3035,"{""coordinates"": [[-79.34747135286847, 43.64575240110644]], ""type"": ""MultiPoint""}"
493,5899,CHERRY ST,100M SOUTH OF,LAKE SHORE BLVD E,None,None,STREETS NOT IN GCC REPOSITORY,3036,30110347,,3036,"{""coordinates"": [[-79.3560330093091, 43.64868766947203]], ""type"": ""MultiPoint""}"
494,5901,RENFORTH DR,None,TOLEDO RD,None,None,None,3037,7487493,13468558,3037,"{""coordinates"": [[-79.5706373101665, 43.639131676120705]], ""type"": ""MultiPoint""}"
495,5903,CORONATION DR,115m EAST OF,GALLOWAY RD,None,None,None,3038,2219434,,3038,"{""coordinates"": [[-79.19244149086848, 43.76051425422222]], ""type"": ""MultiPoint""}"
496,5906,WILSON HEIGHTS BLVD,None,CODSELL AVE,None,None,None,3039,440894,13449837,3039,"{""coordinates"": [[-79.45899669326953, 43.75424848698794]], ""type"": ""MultiPoint""}"
497,5911,BRIMORTON DR,110m SOUTH OF,GANDER DR,None,None,None,3040,30020518,30020516,3040,"{""coordinates"": [[-79.22515867275895, 43.774658717753084]], ""type"": ""MultiPoint""}"
498,5986,ORTON PARK RD,None,SLAN AVE,BOTANY HILL RD,None,None,3041,30038051,13446189,3041,"{""coordinates"": [[-79.21077734050192, 43.77627844436746]], ""type"": ""MultiPoint""}"
